CIDADE ;N estação;Cód.estação;N;Curso;DATA;Ano;Meses;Sazonal;Pluviosidade;MEI;Vazão;TempAr;TempAmostra;pH;SolsuspTot;SoldissTot;ConcentraMatSusp;Turbidez ;CondEle;OD;CondEsp
Coroatá ;11;33630000;294;Baixo curso;28/09/1992;1992;setembro;estiagem;9,20840168;0.40;45,0857;38;31;5;25,8;;;30;40;0,03;36,9
Caxias;6;33550000;93;Médio Curso;29/09/1992;1992;setembro;estiagem;0;0.40;42,6515;37;31;5;25,6;;55,52;33;45;5,6;45,6
Coroatá ;11;33630000;298;Baixo curso;02/05/1993;1993;maio;chuvoso;133,3684168;1.47;92,9767;34;27;6;53,6;;;54;96;5,9;18,2
Caxias;6;33550000;94;Médio Curso;03/05/1993;1993;maio;chuvoso;84,09623724;1.47;57,0964;31;25;5;33;;65,32;42;66,1;6,7;26,8
Caxias;6;33550000;95;Médio Curso;03/05/1993;1993;maio;chuvoso;84,09623724;1.47;57,0964;31;25;5;33;;65,32;42;73;6,7;63,5
Coroatá ;11;33630000;301;Baixo curso;04/05/1993;1993;maio;chuvoso;133,3684168;1.47;92,9767;30;27,8;5,72;53,6;;;54;30,7;6,44;84,6
Caxias;6;33550000;96;Médio Curso;09/10/1994;1994;outubro;estiagem;26,76872659;1.52;41,2229;33,3;27;5;23,8;;;30;30,55;6,2;9,92
Coroatá ;11;33630000;304;Baixo curso;10/10/1994;1994;outubro;estiagem;15,36659265;1.52;54,989;38;27;6;21,6;;;20;50,62;6,5;26
Caxias;6;33550000;97;Médio Curso;22/03/1995;1995;março;chuvoso;251,7206969;0.17;92,8033;36;24;5;31,8;;86,69;35;60;6,3;26,8
Coroatá ;11;33630000;308;Baixo curso;23/03/1995;1995;março;chuvoso;273,623765;0.17;292,6009;34;21;6;71,4;;209,75;100;88,2;6,2;65
Caxias;6;33550000;98;Médio Curso;06/11/1995;1995;novembro;estiagem;50,25275588;-0.77;47,0848;38;29,5;5,5;;;;45;41,8;6,6;78
Coroatá ;11;33630000;315;Baixo curso;07/11/1995;1995;novembro;estiagem;75,66317034;-0.77;68,4588;39;30;5,5;;;;20;82,8;6,4;43,9
Caxias;6;33550000;99;Médio Curso;21/08/1996;1996;agosto;estiagem;7,67582202;-0.64;47,7051;35;29,7;5;24,8;;;30;46,8;3,1;113,1
Coroatá ;11;33630000;320;Baixo curso;28/08/1996;1996;agosto;estiagem;14,37032413;-0.64;61,3842;33;30,3;5;20,8;;21,36;30;56,6;5,1;34,7
Caxias;6;33550000;100;Médio Curso;09/04/1998;1998;abril;chuvoso;100,1004541;2.61;58,9162;30;28;6;;;84,97;26,1;36;7,37;48
Coroatá ;11;33630000;326;Baixo curso;16/04/1998;1998;abril;chuvoso;156,1236618;2.61;157,8263;30;29;6;;;61,36;66,8;38;6,73;65,5
Caxias;6;33550000;101;Médio Curso;12/06/1998;1998;junho;chuvoso;12,97609735;0.42;42,9989;28;29,7;5,5;;;26,1;42,2;129;5,5;97,4
Coroatá ;11;33630000;329;Baixo curso;19/06/1998;1998;junho;chuvoso;16,90883923;0.42;56,5461;28;28;6;;;192,53;66,8;436,4;5,8;62,8
Caxias;6;33550000;102;Médio Curso;16/09/1998;1998;setembro;estiagem;0;-1.40;37,442;28;28;6,11;;;27,38;15,3;257,2;3,1;54
Coroatá ;11;33630000;334;Baixo curso;23/09/1998;1998;setembro;estiagem;13,10812569;-1.40;40,6584;28,5;28;6,04;;;36,76;27;372,1;3,6;57,7
Caxias;6;33550000;103;Médio Curso;11/02/1999;1999;fevereiro;chuvoso;216,6882424;-1.20;73,1486;30;25,8;5,3;;;112,74;65,9;274;4,5;26,8
Cantanhede ;13;33680000;104;Baixo curso;19/02/1999;1999;fevereiro;chuvoso;324,8481588;-1.20;208,6594;30;27,9;5,68;;;195,69;47,5;411;3,4;54,4
Colinas;4;33480000;105;Alto Curso;22/02/1999;1999;fevereiro;chuvoso;203,840903;-1.20;56,8661;30;27,7;5,91;;;37,87;188;126,7;3,8;57,9
Caxias;6;33550000;106;Médio Curso;20/04/1999;1999;abril;chuvoso;182,0874805;-1.16;95,9974;29;28;5,23;;;94,8;66,8;415;4;8
Cantanhede ;13;33680000;107;Baixo curso;27/04/1999;1999;abril;chuvoso;396,248714;-1.16;792,5766;29;27,6;5,25;;;;349,29;377;3,5;51
Colinas;4;33480000;108;Alto Curso;04/05/1999;1999;maio;chuvoso;56,89439726;-1.33;59,8899;30;26,6;5,77;;;50,69;11,8;2,37;5,5;55,4
Colinas;4;33480000;109;Alto Curso;19/06/1999;1999;junho;chuvoso;5,624264717;-1.26;50,2609;28;25,5;4,85;;;24,29;32;173,2;3,5;63,5
Cantanhede ;13;33680000;110;Baixo curso;23/06/1999;1999;junho;chuvoso;31,12989998;-1.26;88,9857;29;26,6;5,97;;;33,88;65;639,2;4;63,5
Caxias;6;33550000;111;Médio Curso;29/06/1999;1999;junho;chuvoso;7,282779694;-1.26;49,2743;30;24;5,65;;;41,69;35,3;539,1;4;8
Colinas;4;33480000;112;Alto Curso;20/09/1999;1999;setembro;estiagem;10,24806595;-1.16;40,2822;29;27,8;5,53;;;27,46;24,5;127,9;2,4;1092
Cantanhede ;13;33680000;113;Baixo curso;25/09/1999;1999;setembro;estiagem;8,850197792;-1.16;43,1094;30;27,8;5,21;;;178,97;9,74;655,6;6,4;8
Caxias;6;33550000;114;Médio Curso;01/10/1999;1999;outubro;estiagem;29,64609528;-1.33;38,3771;28;28;6,2;;;37,57;146;256,3;3,4;63,5
Caxias;6;33550000;115;Médio Curso;17/02/2000;2000;fevereiro;chuvoso;286,3134136;-1.26;92,9025;30;27;6,7;;;115,63;46,3;99,34;5,7;18,2
Cantanhede ;13;33680000;116;Baixo curso;24/02/2000;2000;fevereiro;chuvoso;322,2632585;-1.26;341,7387;31;27;5,8;;;217,06;102;58,48;3,7;68
Colinas;4;33480000;117;Alto Curso;01/03/2000;2000;março;chuvoso;258,9121146;-1.37;93,7226;29;26,8;5,2;;;66,26;29;27,77;7,8;0
Colinas;4;33480000;118;Alto Curso;30/05/2000;2000;maio;chuvoso;56,28175449;-0.93;84,7314;26;26;5;;;125,4;100;305,8;5;8
Caxias;6;33550000;119;Médio Curso;22/06/2000;2000;junho;chuvoso;23,48859787;-1.18;63,464;26,8;25,8;5,56;;;63,37;53;330,2;4,6;63,5
Cantanhede ;13;33680000;120;Baixo curso;04/07/2000;2000;julho;chuvoso;115,1028638;-0.61;86,7343;30;28;7,6;;;86,52;50,7;138,6;4,6;26,7
Colinas;4;33480000;121;Alto Curso;31/07/2000;2000;julho;chuvoso;6,157055855;-0.61;59,6811;27;27;6,6;;;26,89;9,6;21;5,1;11
Cantanhede ;13;33680000;122;Baixo curso;05/09/2000;2000;setembro;estiagem;29,96425819;-0.35;57,726;34,3;31,3;8;;;50,69;42;57,5;6;47,3
Caxias;6;33550000;123;Médio Curso;06/10/2000;2000;outubro;estiagem;18,84540558;-0.52;46,4684;34;33,5;5,23;;;41,92;69,9;492,7;3,5;43,2
Caxias;6;33550000;124;Médio Curso;16/11/2000;2000;novembro;estiagem;24,40836334;-0.86;45,2053;35;32;7;;;62,24;11,7;0,531;8;63,8
Colinas;4;33480000;125;Alto Curso;23/11/2000;2000;novembro;estiagem;43,48243093;-0.86;43,9805;38,1;29,6;6;;;31,77;17,7;18,2;6,7;31,8
Cantanhede ;13;33680000;126;Baixo curso;28/11/2000;2000;novembro;estiagem;12,60571671;-0.86;51,2558;30;28,6;6;;;44,97;18,5;71;3,3;68
Colinas;4;33480000;127;Alto Curso;15/05/2001;2001;maio;chuvoso;15,29510593;-0.51;50,0954;27;27;6,7;;;68,37;36,8;24,4;5,5;9,92
Cantanhede ;13;33680000;128;Baixo curso;18/05/2001;2001;maio;chuvoso;166,9548402;-0.51;259,3124;29;28,5;7,2;;;87,91;163;1238,1;6;65
Caxias;6;33550000;129;Médio Curso;21/06/2001;2001;junho;chuvoso;59,84005451;-0.73;53,6657;30;29;6;;;45,47;135,7;407,68;7;1060
Colinas;4;33480000;130;Alto Curso;28/07/2001;2001;julho;chuvoso;8,218786478;0.04;40,4794;27;27;6;;;29,96;11,8;13,486;8,5;11
Cantanhede ;13;33680000;131;Baixo curso;03/08/2001;2001;agosto;estiagem;5,807107925;0.38;50,1794;30;28,6;6,8;;;33,06;60,2;61,838;5,5;50,1
Caxias;6;33550000;132;Médio Curso;21/08/2001;2001;agosto;estiagem;7,907633901;0.38;40,336;31;30;6;;;34,12;102;264,9;7,7;16
Cantanhede ;13;33680000;133;Baixo curso;09/10/2001;2001;outubro;estiagem;23,80188656;-0.22;42,8693;28;29;6,23;;;43,54;14,19;43,2;5;124,2
Colinas;4;33480000;134;Alto Curso;09/11/2001;2001;novembro;estiagem;113,4594851;-0.28;41,6151;30;28,1;6,65;;;290,51;32,7;28,92;6,2;13,46
Caxias;6;33550000;135;Médio Curso;23/11/2001;2001;novembro;estiagem;53,08617258;-0.28;43,6492;35;28,2;5,8;;;42,53;70,65;246,89;6,7;9,92
Cantanhede ;13;33680000;136;Baixo curso;06/02/2002;2002;fevereiro;chuvoso;145,4992068;-0.26;139,146;28,5;29,3;6,57;;;76,54;108,39;83,15;7;15,39
Colinas;4;33480000;137;Alto Curso;03/04/2002;2002;abril;chuvoso;107,6301271;-0.36;51,9513;28,5;28,7;4,9;;;46,33;17,7;28,3;8,5;33
Caxias;6;33550000;138;Médio Curso;27/04/2002;2002;abril;chuvoso;207,5723095;-0.36;82,3385;30,7;29,8;6,48;;;;26,4;102,9;5,2;34,7
Cantanhede ;13;33680000;139;Baixo curso;10/05/2002;2002;maio;chuvoso;214,6946716;-0.14;320,788;31;29;5,62;;;;70,65;62,9;7;96,7
Colinas;4;33480000;140;Alto Curso;03/06/2002;2002;junho;chuvoso;11,4035759;0.34;42,0705;27,4;28,2;5,22;;;;20,5;165,75;7,2;9,92
Caxias;6;33550000;141;Médio Curso;19/07/2002;2002;julho;estiagem;13,29909086;0.44;41,3912;28,6;29,3;6,88;;;;24,2;52,72;7;103,8
Cantanhede ;13;33680000;142;Baixo curso;02/08/2002;2002;agosto;estiagem;7,539859056;1.01;42,3235;28,17;30,5;5,23;;;;28,8;47,3;6,2;113,1
Mirador;2;33420000;336;Alto Curso;15/08/2002;2002;agosto;estiagem;7,717417717;1.01;12,9319;34;28,5;5,65;;;;25,8;61,8;8,8;8
Colinas;4;33480000;144;Alto Curso;19/08/2002;2002;agosto;estiagem;4,092198372;1.01;35,0822;25,9;27,3;6,25;;;;36,6;26,7;6,5;57,7
Governador Eugenio Barros (MONTEVIDEU);3;33530000;341;Médio Curso;20/08/2002;2002;agosto;estiagem;7,717417717;1.01;38,6018;31;27,3;5,78;;;;41,87;12,7;7;9,92
Cantanhede ;13;33680000;146;Baixo curso;02/09/2002;2002;setembro;estiagem;15,52429438;0.88;40,698;31;30,5;5,23;;;;20,05;47,3;6,2;26,3
Mirador (São Felinho);1;33410000;147;Alto Curso;17/09/2002;2002;setembro;estiagem;25,72739983;0.88;51,7786;32;28,5;6,58;;;;31,9;35,3;9,5;9
Caxias;6;33550000;148;Médio Curso;17/09/2002;2002;setembro;estiagem;28,40290689;0.88;38,8809;29;28,4;6,81;;;;16,1;35,1;7;54,4
Codó;9;33590000;149;Baixo curso;20/09/2002;2002;setembro;estiagem;22,77850151;0.88;39,3303;35;29,3;6,71;;;;25,5;52,2;7,4;51
Coroatá ;11;33630000;342;Baixo curso;21/09/2002;2002;setembro;estiagem;16,85624313;0.88;41,6559;30,1;31,3;7,01;;;;28,2;68,4;6,1;13,1
Cantanhede ;13;33680000;150;Baixo curso;22/10/2002;2002;outubro;estiagem;22,79951859;0.84;36,8725;34,5;33,8;6,3;;;;32,7;57,8;5,7;72,7
Mirador;2;33420000;346;Alto Curso;11/11/2002;2002;novembro;estiagem;56,1512661;0.84;12,3515;26,18;29,2;7,02;;;;24,2;36;7,7;23
Colinas;4;33480000;152;Alto Curso;13/11/2002;2002;novembro;estiagem;85,66591501;0.84;36,9773;32,6;31,6;5,97;;;;19,8;11,93;8,4;71,2
Mirador (São Felinho);1;33410000;153;Alto Curso;06/12/2002;2002;dezembro;estiagem;142,1449504;0.91;31,2311;29;29,8;6,2;;;;15,8;8,6;9,8;15,79
Governador Eugenio Barros (MONTEVIDEU);3;33530000;351;Médio Curso;13/12/2002;2002;dezembro;estiagem;140,6232185;0.91;42,734;33;29,1;6,5;;;;19,9;52,3;6;77,1
Coroatá ;11;33630000;353;Baixo curso;18/12/2002;2002;dezembro;estiagem;96,2183044;0.91;57,086;31;29,5;6,7;;;;38;51,5;7;112,3
Codó;9;33590000;155;Baixo curso;19/12/2002;2002;dezembro;estiagem;98,80786896;0.91;46,7681;35;29,1;6,5;;;;25,5;52,3;6;59,7
Caxias;6;33550000;156;Médio Curso;21/12/2002;2002;dezembro;estiagem;157,104115;0.91;44,794;29;28,6;6,5;;;;20,53;38,4;6;68
Cantanhede ;13;33680000;157;Baixo curso;06/02/2003;2003;fevereiro;chuvoso;407,8395624;0.63;311,4288;29,2;28,5;6,78;;;483,41;15,3;54,6;6;69,1
Colinas;4;33480000;158;Alto Curso;15/03/2003;2003;março;chuvoso;289,0399659;0.53;51,9369;27,4;27,9;5,79;;;60;7,29;20,6;9,2;23,5
Caxias;6;33550000;159;Médio Curso;03/04/2003;2003;abril;chuvoso;181,4416285;-0.11;107,0617;31,4;28;6,46;;;358,32;12,6;65,2;7;27
Colinas;4;33480000;160;Alto Curso;25/06/2003;2003;junho;chuvoso;14,83069229;-0.10;37,3368;29,2;28,2;5,68;;;32,64;20,38;19,5;8,4;56
Cantanhede ;13;33680000;161;Baixo curso;08/07/2003;2003;julho;chuvoso;24,08096886;0.01;55,521;31;29,4;7,24;;;52,45;78,95;85;7,3;27
Caxias;6;33550000;162;Médio Curso;21/07/2003;2003;julho;chuvoso;0;0.01;37,4577;29;27,8;6,66;;;29,98;19,9;39,8;8;18,7
Colinas;4;33480000;163;Alto Curso;20/09/2003;2003;setembro;estiagem;3,28271389;0.18;33,7568;30;29,4;4,68;;;29,98;28,1;18,5;9,8;36
Cantanhede ;13;33680000;164;Baixo curso;01/10/2003;2003;outubro;estiagem;31,00698471;0.28;35,9603;37;33;8,05;;;45,08;32,7;53,5;6,76;50
Caxias;6;33550000;165;Médio Curso;21/10/2003;2003;outubro;estiagem;8,303478241;0.28;34,313;30,7;31;6,15;;;28,94;19,5;27;8,2;70,9
Colinas;4;33480000;166;Alto Curso;10/07/2004;2004;julho;chuvoso;0;0.46;35,5964;27,6;27,8;5,26;;;36,19;25,4;29,7;7,97;81,4
Mirador;2;33420000;358;Alto Curso;12/07/2004;2004;julho;chuvoso;0;0.46;12,4757;27,6;28,3;4,99;;;;11,7;32,3;5,04;84,6
Governador Eugenio Barros (MONTEVIDEU);3;33530000;361;Médio Curso;13/07/2004;2004;julho;chuvoso;0;0.46;38,5817;27,9;28,9;5,06;;;;18,1;33,9;7,67;41,8
Cantanhede ;13;33680000;169;Baixo curso;22/07/2004;2004;julho;chuvoso;56,31030273;0.46;57,5674;80,7;29,1;6,62;;;60,3;34,8;73,1;8;63,1
Mirador (São Felinho);1;33410000;170;Alto Curso;26/08/2004;2004;agosto;estiagem;10,87678051;0.77;34,021;26,6;27,4;5,81;;;;20,38;15,2;7,26;6
Caxias;6;33550000;172;Médio Curso;15/09/2004;2004;setembro;estiagem;11,26646519;0.59;32,5174;28,5;30,9;6,4;;;39,68;32,7;33,3;7,4;94,9
Governador Eugenio Barros (MONTEVIDEU);3;33530000;363;Médio Curso;15/09/2004;2004;setembro;estiagem;12,81724358;0.59;34,8379;31,3;33;5,42;;;;8,08;28,1;7,41;69
Codó;9;33590000;173;Baixo curso;19/09/2004;2004;setembro;estiagem;30,06045341;0.59;40,7052;30;30,4;6,83;;;;16,6;39,58;8,64;94,9
Coroatá ;11;33630000;368;Baixo curso;22/09/2004;2004;setembro;estiagem;10,81250322;0.59;43,8793;28,9;33;6,69;;;;20,38;57,2;4,02;44,4
Mirador;2;33420000;370;Alto Curso;02/10/2004;2004;outubro;estiagem;38,53276062;0.40;11,4414;30,1;31,5;5,69;;;;9,71;12,16;7,5;50,7
Colinas;4;33480000;175;Alto Curso;06/10/2004;2004;outubro;estiagem;50,78507233;0.40;31,6741;29,1;29,1;6,02;33,42;;33,42;38,9;28,4;4,06;129,7
Cantanhede ;13;33680000;176;Baixo curso;06/11/2004;2004;novembro;estiagem;53,34119034;0.56;39,4336;34;36;31,1;64,73;;64,73;83,4;52,2;7,5;63,1
Caxias;6;33550000;177;Médio Curso;21/11/2004;2004;novembro;estiagem;36,97593355;0.56;33,6969;30,5;31,2;6,46;;;;28,7;27,5;6,8;64
Codó;9;33590000;178;Baixo curso;27/11/2004;2004;novembro;estiagem;26,79073858;0.56;38,9557;28;28,2;6,54;;;;7,8;31,52;3,9;11,4
Coroatá ;11;33630000;374;Baixo curso;30/11/2004;2004;novembro;estiagem;32,06856728;0.56;38,9885;30;31;6,72;;;;14,19;51,4;6,7;50,7
Mirador;2;33420000;378;Alto Curso;01/12/2004;2004;dezembro;estiagem;86,16637754;0.48;14,1514;31,7;31;5,92;;;;12,03;31,4;8,64;127,8
Colinas;4;33480000;180;Alto Curso;02/12/2004;2004;dezembro;estiagem;114,6985588;0.48;38,5292;27,6;28,6;5,63;;;;52,3;21,4;5,38;23,5
Governador Eugenio Barros (MONTEVIDEU);3;33530000;382;Médio Curso;03/12/2004;2004;dezembro;estiagem;86,16637754;0.48;41,289;27,8;29;5,53;;;;16,3;43;7,39;11
Codó;9;33590000;182;Baixo curso;31/05/2005;2005;maio;chuvoso;133,1384392;0.19;126,0057;28,6;29,2;6,61;;;;26,4;65,3;7,37;113,1
Mirador;2;33420000;384;Alto Curso;02/06/2005;2005;junho;chuvoso;117,4829702;0.20;16,2538;26,8;27,4;5,65;;;;61,4;18;7,05;7,84
Coroatá ;11;33630000;388;Baixo curso;02/06/2005;2005;junho;chuvoso;29,02793121;0.20;69,454;26,5;29,1;6,7;;;;115;82,1;8,25;11
Colinas;4;33480000;184;Alto Curso;04/06/2005;2005;junho;chuvoso;8,972493649;0.20;44,4204;27,1;27,6;5,5;41,29;;41,29;22,9;22,1;6,95;58,1
Cantanhede ;13;33680000;185;Baixo curso;04/06/2005;2005;junho;chuvoso;46,44040108;0.20;76,8049;6,83;29,6;6,76;;;;23,31;96,7;7,74;57,2
Mirador (São Felinho);1;33410000;186;Alto Curso;18/07/2005;2005;julho;chuvoso;0;-0.00;208,6594;27,6;26,3;7,3;;;;8,82;18,6;6,1;9,43
Caxias;6;33550000;187;Médio Curso;18/08/2005;2005;agosto;estiagem;29,86715412;0.01;35,9033;33;28;5,84;;;39,75;10,5;35,5;7,8;29,3
Governador Eugenio Barros (MONTEVIDEU);3;33530000;401;Médio Curso;22/08/2005;2005;agosto;estiagem;0;0.01;39,3237;34,5;29;5,28;;;;28,7;23,1;6,8;14,9
Colinas;4;33480000;189;Alto Curso;17/09/2005;2005;setembro;estiagem;0;-0.02;32,7644;31,1;29,6;4,85;;;;130;18,1;75,8;26,8
Codó;9;33590000;190;Baixo curso;17/09/2005;2005;setembro;estiagem;5,031721234;-0.02;34,8845;26,3;28,8;6;;;16,74;24,2;33,6;7,98;13,46
Mirador;2;33420000;405;Alto Curso;20/09/2005;2005;setembro;estiagem;0;-0.02;11,8461;29,7;31,2;5,84;;;;10,9;17,4;7,4;70,9
Coroatá ;11;33630000;416;Baixo curso;20/09/2005;2005;setembro;estiagem;32,40404439;-0.02;39,2165;30,1;32,4;6,69;;;;32,7;45,5;7,8;64,8
Coroatá ;11;33630000;417;Baixo curso;20/09/2005;2005;setembro;estiagem;32,40404439;-0.02;39,2165;30,1;32,4;6,69;;;;46,9;45,5;9,72;51,3
Cantanhede ;13;33680000;192;Baixo curso;23/09/2005;2005;setembro;estiagem;6,898344278;-0.02;38,5743;27,3;30,9;6,7;;;37,22;46,9;37;5,95;31,8
Mirador (São Felinho);1;33410000;193;Alto Curso;25/10/2005;2005;outubro;estiagem;12,13469732;-0.66;37,6565;32,4;30,4;6,01;;;;15,8;12,79;7,59;79,4
Mirador (São Felinho);1;33410000;194;Alto Curso;17/07/2006;2006;julho;chuvoso;0;0.21;41,2229;27;26,6;6,57;;;;46,5;10,3;8;74,1
Caxias;6;33550000;195;Médio Curso;23/08/2006;2006;agosto;estiagem;15,55407047;0.59;45,4644;31,8;27,7;5,58;;;32,96;100;341,5;6,4;8
Governador Eugenio Barros (MONTEVIDEU);3;33530000;421;Médio Curso;25/08/2006;2006;agosto;estiagem;9,904314041;0.59;39,8388;32,8;26,9;5,72;;;;11;25,1;7,6;12
Coroatá ;11;33630000;423;Baixo curso;05/10/2006;2006;outubro;estiagem;10,95118046;0.77;39,6341;29;32,5;6,56;;;;28,7;45,29;7;66,1
Colinas;4;33480000;197;Alto Curso;06/10/2006;2006;outubro;estiagem;69,90492535;0.77;37,6565;27,7;31,5;6,58;;;24,31;2,16;19,2;6;53,7
Codó;9;33590000;199;Baixo curso;09/10/2006;2006;outubro;estiagem;18,70775604;0.77;37,1248;29,9;30,6;6,75;;;;8,99;54,1;6;70,9
Mirador;2;33420000;440;Alto Curso;09/10/2006;2006;outubro;estiagem;63,4556694;0.77;12,8142;29,8;31,2;6,35;;;;30;10,74;7,5;77,3
Cantanhede ;13;33680000;200;Baixo curso;27/10/2006;2006;outubro;estiagem;16,3848896;0.77;40,946;27,8;33,6;7,4;;;33,86;4,71;46,5;7,8;47
Caxias;6;33550000;201;Médio Curso;03/11/2007;2007;novembro;estiagem;27,89022923;1.00;37,9357;31,1;30,2;6,76;;;25,93;36,2;36;7,07;13
Cantanhede ;13;33680000;202;Baixo curso;14/11/2007;2007;novembro;estiagem;23,34975004;1.00;32,1933;36,5;31,2;7,33;;;25,97;20;41;7,68;74
Colinas;4;33480000;203;Alto Curso;14/05/2008;2008;maio;chuvoso;45,00368428;-0.99;56,8474;29;27;6,6;;;40,35;17,66;63;6,1;12
Caxias;6;33550000;204;Médio Curso;10/06/2008;2008;junho;chuvoso;10,18315244;-0.80;54,1757;30;27,9;6,83;;;57,23;98,2;57;7,3;81,4
Cantanhede ;13;33680000;205;Baixo curso;21/06/2008;2008;junho;chuvoso;80,4296279;-0.80;106,2784;29;29,9;7,15;;;93,84;19,8;89;7,45;103,5
Colinas;4;33480000;206;Alto Curso;15/08/2008;2008;agosto;estiagem;0;-1.01;35,5197;33;26,9;6,2;;;;56,4;10;7,89;62,4
Caxias;6;33550000;207;Médio Curso;16/09/2008;2008;setembro;estiagem;11,26316285;-1.02;36,6198;35,5;30,3;7,06;;;1,04;44,3;30;7,56;96,7
Cantanhede ;13;33680000;208;Baixo curso;27/09/2008;2008;setembro;estiagem;7,656000614;-1.02;35,9932;35;31,5;8,21;;;1,35;29,83;51;8,15;60,5
Colinas;4;33480000;209;Alto Curso;02/12/2008;2008;dezembro;estiagem;188,1861315;-1.01;40,77;34;29;6,89;;;20,37;14,19;24;6,4;84,3
Colinas;4;33480000;210;Alto Curso;18/05/2009;2009;maio;chuvoso;208,2292669;-0.72;115,8761;31;29,1;6,61;;;46,61;110,82;47;4,7;129,7
Codó;9;33590000;211;Baixo curso;17/06/2009;2009;junho;chuvoso;40,61488581;-0.05;129,6657;34;29,8;7,02;;;49,92;86,2;104;6,13;50,9
Codó;9;33590000;212;Baixo curso;17/06/2009;2009;junho;chuvoso;40,61488581;-0.05;129,6657;31;29;7,05;;;;64;91;5,88;84,6
Caxias;6;33550000;213;Médio Curso;18/06/2009;2009;junho;chuvoso;34,2726059;-0.05;91,9608;32;28;7,64;;;;95,2;99;5,73;336,8
Coroatá ;11;33630000;445;Baixo curso;23/06/2009;2009;junho;chuvoso;82,14622116;-0.05;165,89;31;28,2;104;;;;349,29;104;6,44;63,1
Colinas;4;33480000;214;Alto Curso;24/08/2009;2009;agosto;estiagem;5,776581287;0.56;40,5506;32;27;6,06;;;1,95;22;12;7,48;58,1
Mirador;2;33420000;466;Alto Curso;25/08/2009;2009;agosto;estiagem;12,98509312;0.56;13,2536;31;26,9;5,6;;;;28,3;8;7,46;12
Mirador (São Felinho);1;33410000;216;Alto Curso;03/09/2009;2009;setembro;estiagem;16,34156239;0.42;52,1517;28;27;7,08;;;;4,52;10;5,77;29
Caxias;6;33550000;217;Médio Curso;17/09/2009;2009;setembro;estiagem;0;0.42;41,9859;34;29,9;7,34;;;28,19;29,1;46;5,89;49,4
Codó;9;33590000;218;Baixo curso;17/09/2009;2009;setembro;estiagem;6,645806074;0.42;47,5169;34;31;6,92;;;;33,5;45;7,76;71,9
Governador Eugenio Barros (MONTEVIDEU);3;33530000;467;Médio Curso;21/09/2009;2009;setembro;estiagem;0;0.42;39,704;29;30;6,9;;;;15,3;29;5,82;65,3
Coroatá ;11;33630000;470;Baixo curso;22/09/2009;2009;setembro;estiagem;5,886966705;0.42;53,3523;35;31,4;6,8;;;;24,2;58;8,19;118,5
Cantanhede ;13;33680000;220;Baixo curso;25/09/2009;2009;setembro;estiagem;9,636453629;0.42;65,279;35;32,2;6,89;;;30,02;18,1;62;7,71;51,4
Colinas;4;33480000;221;Alto Curso;19/11/2009;2009;novembro;estiagem;47,27182388;1.04;40,585;32;27,5;6;;;23,28;28,8;12;6,77;54,4
Mirador;2;33420000;478;Alto Curso;20/11/2009;2009;novembro;estiagem;24,52263165;1.04;11,982;31;26,8;5,77;;;;36,9;9;6,82;12
Mirador (São Felinho);1;33410000;223;Alto Curso;04/12/2009;2009;dezembro;estiagem;201,6262627;0.95;48,8706;28;27;7,44;;;;9,07;10;4,12;18,7
Mirador;2;33420000;480;Alto Curso;23/03/2010;2010;março;chuvoso;184,953475;1.33;25,749;29;28;8,33;;;;66,8;0,026;4,65;13,46
Colinas;4;33480000;225;Alto Curso;24/03/2010;2010;março;chuvoso;231,5313725;1.33;64,5299;30;27;8,43;;;39,86;82,7;0,032;3,08;54,4
Mirador (São Felinho);1;33410000;226;Alto Curso;25/03/2010;2010;março;chuvoso;200,480092;1.33;56,8661;32,5;27,5;8,4;;;;14,5;12;4,84;127,1
Governador Eugenio Barros (MONTEVIDEU);3;33530000;495;Médio Curso;23/04/2010;2010;abril;chuvoso;212,5898938;0.49;120,9655;27,5;29,6;8,6;;;;21,8;0,098;3,25;75,9
Cantanhede ;13;33680000;228;Baixo curso;07/05/2010;2010;maio;chuvoso;258,9372149;-0.12;211,9026;30;29;8,75;;;152,68;97;0,085;4,22;127,8
Caxias;6;33550000;229;Médio Curso;11/05/2010;2010;maio;chuvoso;167,7733474;-0.12;73,3783;32,5;29,2;8,55;;;103,35;76,6;0,088;4,8;18,59
Coroatá ;11;33630000;497;Baixo curso;14/05/2010;2010;maio;chuvoso;198,5160389;-0.12;173,5213;32,5;29,8;8,35;;;;69,1;0,102;4,67;51,3
Codó;9;33590000;230;Baixo curso;15/05/2010;2010;maio;chuvoso;181,519825;-0.12;99,7713;34;28,5;8,62;;;;144;0,065;4,39;68
Colinas;4;33480000;231;Alto Curso;14/07/2010;2010;julho;chuvoso;0;-2.43;39,7471;32;27;6,05;;;34,96;25,3;12;8,1;58,1
Mirador;2;33420000;503;Alto Curso;15/07/2010;2010;julho;chuvoso;6,226345778;-2.43;12,3392;32;26,6;6;;;;29,9;9;7,94;57,7
Mirador (São Felinho);1;33410000;233;Alto Curso;31/07/2010;2010;julho;chuvoso;0;-2.43;88,4626;30;26;7,38;;;;0,68;62;5,2;60
Caxias;6;33550000;234;Médio Curso;11/08/2010;2010;agosto;estiagem;0;-2.38;39,8068;33,5;28,5;7,85;;;23,48;26,1;39;0,45;113,1
Codó;9;33590000;236;Baixo curso;12/08/2010;2010;agosto;estiagem;0;-2.38;34,0727;34;28,6;6,65;;;;29,8;38;7,39;113,1
Governador Eugenio Barros (MONTEVIDEU);3;33530000;534;Médio Curso;12/08/2010;2010;agosto;estiagem;0;-2.38;40,1352;34;27;7,95;;;;27,7;25;0,58;9,43
Coroatá ;11;33630000;537;Baixo curso;17/08/2010;2010;agosto;estiagem;0;-2.38;45,9655;33;30,1;7,13;;;;24,8;50;7,79;136,4
Cantanhede ;13;33680000;237;Baixo curso;19/08/2010;2010;agosto;estiagem;7,977396488;-2.38;44,8852;33;30,8;8,2;;;35,87;20,4;52;11,38;38
Mirador (São Felinho);1;33410000;238;Alto Curso;14/10/2010;2010;outubro;estiagem;104,364419;-2.16;48,3917;29;27;8;;;;6,13;490;7,12;58,3
Colinas;4;33480000;239;Alto Curso;19/10/2010;2010;outubro;estiagem;102,8150501;-2.16;35,8013;33;28,2;6,42;;;14,363;16,1;10;5,96;129,7
Mirador;2;33420000;561;Alto Curso;20/10/2010;2010;outubro;estiagem;94,77780628;-2.16;11,5357;34;27,6;6,12;;;;25,1;8;6,01;23,5
Governador Eugenio Barros (MONTEVIDEU);3;33530000;564;Médio Curso;01/04/2011;2011;abril;chuvoso;208,7529411;-1.69;113,3139;32;28,7;9,16;;;;54,2;73;6,17;13
Mirador;2;33420000;568;Alto Curso;05/04/2011;2011;abril;chuvoso;208,7529411;-1.69;25,3942;30;28,3;6,43;;;;56,4;30;5,65;54,4
Colinas;4;33480000;243;Alto Curso;06/04/2011;2011;abril;chuvoso;194,7531936;-1.69;76,544;31;28,5;6,36;;;42,19;50,1;31;6,06;15,39
Caxias;6;33550000;244;Médio Curso;07/04/2011;2011;abril;chuvoso;331,6737952;-1.69;157,5176;34;29,1;8,05;;;28,01;48,4;95;6,67;96,7
Mirador (São Felinho);1;33410000;245;Alto Curso;09/04/2011;2011;abril;chuvoso;135,4483876;-1.69;106,21;29;27;6,64;;;;14,13;230;6,77;55,4
Codó;9;33590000;246;Baixo curso;04/05/2011;2011;maio;chuvoso;193,9291945;-1.23;159,8931;32;27,9;6,93;;;;212;62;6,21;50,5
Coroatá ;11;33630000;577;Baixo curso;05/05/2011;2011;maio;chuvoso;222,5642414;-1.23;247,1023;32;27,8;6,64;;;;98,6;74;5,96;101
Cantanhede ;13;33680000;247;Baixo curso;17/05/2011;2011;maio;chuvoso;305,09971;-1.23;616,4443;30;28,5;6,48;;;102,11;69,9;85;5,88;37,1
Mirador (São Felinho);1;33410000;248;Alto Curso;05/07/2011;2011;julho;chuvoso;7,242239952;-0.75;51,3744;29;26;6,94;;;;8,82;100;6,8;7,84
Mirador;2;33420000;584;Alto Curso;09/07/2011;2011;julho;chuvoso;9,902095795;-0.75;14,1507;27;25,3;6,04;;;;109;12;6,8;87,5
Colinas;4;33480000;250;Alto Curso;13/07/2011;2011;julho;chuvoso;7,00941968;-0.75;44,4841;30;26,9;6,41;;;19,24;23,5;17;7,02;9,92
Caxias;6;33550000;251;Médio Curso;01/08/2011;2011;agosto;estiagem;25,47430301;-0.81;42,8899;33;27,3;5,22;;;22,37;30,4;42;8,57;6
Codó;9;33590000;252;Baixo curso;01/08/2011;2011;agosto;estiagem;13,15868568;-0.81;50,7966;32;28,9;6,82;;;;27,2;46;7,75;72,3
Governador Eugenio Barros (MONTEVIDEU);3;33530000;588;Médio Curso;02/08/2011;2011;agosto;estiagem;5,427825212;-0.81;41,7393;33;27,8;6,5;;;;24,2;29;9,26;48
Coroatá ;11;33630000;592;Baixo curso;02/08/2011;2011;agosto;estiagem;15,38727665;-0.81;50,0181;32;30,1;7,12;;;;19,5;60;8,26;49,4
Cantanhede ;13;33680000;254;Baixo curso;05/08/2011;2011;agosto;estiagem;22,40577698;-0.81;48,724;32;31;8,32;;;67,43;21,4;65;8,61;66,1
Mirador (São Felinho);1;33410000;255;Alto Curso;22/09/2011;2011;setembro;estiagem;0;-1.08;39,7317;34;27;6,75;;;;7,44;20;8,47;56
Mirador;2;33420000;600;Alto Curso;25/09/2011;2011;setembro;estiagem;10,45425701;-1.08;10,8906;37;28;6,9;;;;16,3;277;6,71;16
Colinas;4;33480000;257;Alto Curso;27/09/2011;2011;setembro;estiagem;0;-1.08;36,9148;38;28;7,03;;117,32;117,32;21,3;315;7,07;48
Caxias;6;33550000;258;Médio Curso;19/10/2011;2011;outubro;estiagem;95,06171703;-1.30;41,3005;36,8;29,8;6,91;;;27,9;36,5;36,7;7,08;32,5
Codó;9;33590000;259;Baixo curso;20/10/2011;2011;outubro;estiagem;55,69252396;-1.30;48,0594;26;28;6,06;;;;48,7;41;7,11;58,1
Governador Eugenio Barros (MONTEVIDEU);3;33530000;614;Médio Curso;21/10/2011;2011;outubro;estiagem;91,09309244;-1.30;40,6021;26;27,9;6,56;;;;81,7;34,4;7,37;0
Coroatá ;11;33630000;616;Baixo curso;24/10/2011;2011;outubro;estiagem;51,87214947;-1.30;45,4413;33;31;6,29;;;;3,2;85;7,61;69,1
Cantanhede ;13;33680000;261;Baixo curso;27/10/2011;2011;outubro;estiagem;82,35845947;-1.30;44,7514;35;32;6,73;;;218,7;46,9;83;7,32;81,3
Mirador;2;33420000;620;Alto Curso;15/03/2012;2012;março;chuvoso;178,9354804;-0.58;16,4373;30;27;5,2;;;;37,9;11;7,56;8,6
Colinas;4;33480000;263;Alto Curso;20/03/2012;2012;março;chuvoso;174,1971803;-0.58;52,0158;30;28;5,24;;;22;32;17;7,65;29
Mirador (São Felinho);1;33410000;264;Alto Curso;31/03/2012;2012;março;chuvoso;95,45256376;-0.58;39,7317;29;27;6,18;;;;14,5;11;7,54;9,92
Codó;9;33590000;265;Baixo curso;17/04/2012;2012;abril;chuvoso;78,90457034;-0.38;31,0483;32;30;5,46;;;;52,8;0,061;7,8;65,5
Caxias;6;33550000;266;Médio Curso;18/04/2012;2012;abril;chuvoso;79,32534409;-0.38;54,08;34;29,1;7,34;;;30;41,9;50,2;7,41;107,7
Governador Eugenio Barros (MONTEVIDEU);3;33530000;623;Médio Curso;20/04/2012;2012;abril;chuvoso;34,7846055;-0.38;49,4169;32,5;28,9;6,87;;;;46,5;35,6;7,35;22,3
Coroatá ;11;33630000;638;Baixo curso;23/04/2012;2012;abril;chuvoso;106,4987018;-0.38;86,972;32;30;5,87;;;60,1;106;51,2;7,12;22,3
Cantanhede ;13;33680000;268;Baixo curso;27/04/2012;2012;abril;chuvoso;152,0634427;-0.38;180,4487;33;31;5,83;;;;61,4;0,089;7,8;53
Colinas;4;33480000;269;Alto Curso;21/06/2012;2012;junho;chuvoso;10,01883507;-0.28;39,7317;30;27;5,34;;;;20,7;0,014;3,52;58,1
Mirador;2;33420000;639;Alto Curso;25/06/2012;2012;junho;chuvoso;37,37909555;-0.28;12,5688;27;26;4,9;;;;28,7;10;3,9;1060
Mirador (São Felinho);1;33410000;271;Alto Curso;04/07/2012;2012;julho;chuvoso;0;0.34;34,0353;40;27;6,38;;;;4,7;10,25;7,46;15
Codó;9;33590000;272;Baixo curso;18/07/2012;2012;julho;chuvoso;5,835102558;0.34;41,1124;29;28;5,31;;;;26;36;4,87;10,31
Caxias;6;33550000;273;Médio Curso;19/07/2012;2012;julho;chuvoso;0;0.34;39,1222;33;27,5;7,29;;;15,3;25,2;31,6;7,5;13,46
Governador Eugenio Barros (MONTEVIDEU);3;33530000;640;Médio Curso;20/07/2012;2012;julho;chuvoso;0;0.34;35,737;33;28,1;7,16;;;;24,5;21,04;7,74;23
Coroatá ;11;33630000;641;Baixo curso;20/07/2012;2012;julho;chuvoso;10,31700802;0.34;40,6223;31;30;5,83;;;;20,8;50;5,23;98,9
Cantanhede ;13;33680000;275;Baixo curso;25/07/2012;2012;julho;chuvoso;47,70622826;0.34;45,8577;31;30;5,88;;;23,9;68;53;3,6;69,9
Caxias;6;33550000;276;Médio Curso;15/09/2012;2012;setembro;estiagem;9,129315972;-0.29;34,4492;35;28,8;7,35;;;45,2;22,6;28,5;7,22;107,7
Governador Eugenio Barros (MONTEVIDEU);3;33530000;642;Médio Curso;17/09/2012;2012;setembro;estiagem;13,82707596;-0.29;32,5017;38;29,6;7,27;;;;23;19,02;7,47;43,9
Mirador;2;33420000;643;Alto Curso;18/09/2012;2012;setembro;estiagem;13,82707596;-0.29;10,2031;29;27;5,7;;;;27,2;12;4,6;12
Colinas;4;33480000;279;Alto Curso;19/09/2012;2012;setembro;estiagem;0;-0.29;31,0483;30;29;5,59;;;400;20,5;12;4,59;101
Mirador (São Felinho);1;33410000;280;Alto Curso;25/09/2012;2012;setembro;estiagem;0;-0.29;34,313;33;31;6,42;;;;4,25;10,4;7,25;45,5
Coroatá ;11;33630000;644;Baixo curso;11/10/2012;2012;outubro;estiagem;17,34147167;-0.19;31,6677;32;31;6,71;;;;20,3;41;4,98;61,6
Codó;9;33590000;281;Baixo curso;15/10/2012;2012;outubro;estiagem;9,368953705;-0.19;34,5441;31;30;6,53;;;;22,9;32;4,06;79
Cantanhede ;13;33680000;282;Baixo curso;18/10/2012;2012;outubro;estiagem;50,49578285;-0.19;33,6529;31;30;6,58;;;21,9;26,2;45;4,11;46
Mirador;2;33420000;645;Alto Curso;20/03/2013;2013;março;chuvoso;79,63212872;-0.12;18,2879;31;27;6,82;;;;37,1;13;7,08;6
Colinas;4;33480000;284;Alto Curso;21/03/2013;2013;março;chuvoso;71,19763181;-0.12;47,9652;30;27;7,15;;;32,5;43,2;23;7,21;12
Mirador (São Felinho);1;33410000;285;Alto Curso;25/03/2013;2013;março;chuvoso;58,58934623;-0.12;475,9328;29;27,3;6,5;;;;65,9;11,86;7,18;45,6
Caxias;6;33550000;286;Médio Curso;26/04/2013;2013;abril;chuvoso;284,1374731;-0.35;80,0084;31;29,2;7,03;;;2272;60,1;76,4;7,24;86,8
Governador Eugenio Barros (MONTEVIDEU);3;33530000;646;Médio Curso;30/04/2013;2013;abril;chuvoso;175,7931228;-0.35;58,6954;29;29,9;7,95;;;;41,5;59,3;7,33;34,7
Coroatá ;11;33630000;647;Baixo curso;30/04/2013;2013;abril;chuvoso;314,1951571;-0.35;213,3783;28;29;7,52;;;;41,5;95;6,48;94,9
Codó;9;33590000;288;Baixo curso;01/05/2013;2013;maio;chuvoso;110,8508878;-0.68;77,8545;26;27;7,18;;;;188;42;6,71;65
Cantanhede ;13;33680000;289;Baixo curso;13/05/2013;2013;maio;chuvoso;182,8198409;-0.68;217,2942;28;28;7,31;;;119,8;109;74;6,36;134
Mirador;2;33420000;648;Alto Curso;02/07/2013;2013;julho;chuvoso;11,55367768;-0.79;11,8014;25;26;6,91;;;;25,2;11;6,3;49
Colinas;4;33480000;291;Alto Curso;04/07/2013;2013;julho;chuvoso;0;-0.79;35,3145;26;27;6,66;;;1822;21,5;16;6,8;11
Mirador (São Felinho);1;33410000;292;Alto Curso;12/07/2013;2013;julho;chuvoso;4,42489481;-0.79;38,881;29;28;6,68;;;;9,07;20,4;7,96;36
Caxias;6;33550000;293;Médio Curso;25/07/2013;2013;julho;chuvoso;15,74249077;-0.79;38,5562;32;29,7;7,93;;;1995;26,7;36,6;7,5;65,3
Governador Eugenio Barros (MONTEVIDEU);3;33530000;649;Médio Curso;27/07/2013;2013;julho;chuvoso;11,55367768;-0.79;35,7395;34;28,9;7,76;;;;28;23,7;7,66;72,6
Coroatá ;11;33630000;650;Baixo curso;27/07/2013;2013;julho;chuvoso;32,80405581;-0.79;46,6145;26;30;7,2;;;;28,6;58;5,35;20
Codó;9;33590000;295;Baixo curso;29/07/2013;2013;julho;chuvoso;10,72904706;-0.79;40,1468;26;30;7,04;;;;33,6;44;5,38;59
Cantanhede ;13;33680000;296;Baixo curso;02/08/2013;2013;agosto;estiagem;10,35609245;-0.45;37,4468;26;29;7,35;;;893;24,5;62;4,83;101,6
Colinas;4;33480000;297;Alto Curso;19/09/2013;2013;setembro;estiagem;8,020406723;-0.33;30,5493;23;27;7,35;;;13,8;26,4;19;4,02;6
Mirador;2;33420000;651;Alto Curso;21/09/2013;2013;setembro;estiagem;25,01405621;-0.33;9,927;31;28;7,09;;;;25,7;11;4;36
Mirador (São Felinho);1;33410000;299;Alto Curso;04/10/2013;2013;outubro;estiagem;89,62485504;-0.13;37,9357;31;28;5,99;;;;4,94;10,67;7,49;79,6
Caxias;6;33550000;300;Médio Curso;18/10/2013;2013;outubro;estiagem;22,0558815;-0.13;31,4819;37;30,1;7,72;;;18,4;25,8;30,1;7,11;95,2
Governador Eugenio Barros (MONTEVIDEU);3;33530000;652;Médio Curso;21/10/2013;2013;outubro;estiagem;72,13757515;-0.13;31,5966;33,5;31;7,21;;;;28,1;21,94;7,32;38
Cantanhede ;13;33680000;302;Baixo curso;24/10/2013;2013;outubro;estiagem;25,77858782;-0.13;31,899;27;31;7,03;;;27,8;35,6;50;4,06;71,6
Coroatá ;11;33630000;653;Baixo curso;28/10/2013;2013;outubro;estiagem;27,09437943;-0.13;33,0687;27;30;7,02;;;;22,2;39,5;3,9;50,9
Codó;9;33590000;303;Baixo curso;30/10/2013;2013;outubro;estiagem;32,48998547;-0.13;31,9;27;30;7,07;;;;28,8;40;3,44;98,9
Mirador;2;33420000;654;Alto Curso;19/03/2014;2014;março;chuvoso;250,2651248;-0.05;15,0429;27;27;5,99;;;;99,6;35;8,65;62,8
Colinas;4;33480000;305;Alto Curso;21/03/2014;2014;março;chuvoso;231,7357979;-0.05;52,7519;27;28;5,6;;;29,6;47,9;29;8,4;58,1
Mirador (São Felinho);1;33410000;306;Alto Curso;03/04/2014;2014;abril;chuvoso;98,97269154;-0.16;106,21;29;27;6,782;;;37,3;47;95,9;7,01;12
Caxias;6;33550000;307;Médio Curso;25/04/2014;2014;abril;chuvoso;315,0223212;-0.16;85,236;31;28,6;7,18;;;;92,8;113,4;6,83;77
Codó;9;33590000;309;Baixo curso;28/04/2014;2014;abril;chuvoso;372,1688309;-0.16;153,7253;29;28;5,94;;;;99,1;84;6,75;11
Governador Eugenio Barros (MONTEVIDEU);3;33530000;655;Médio Curso;28/04/2014;2014;abril;chuvoso;251,5790267;-0.16;75,7511;29;28,4;7,01;;;;34,8;103,1;6,49;9,43
Coroatá ;11;33630000;656;Baixo curso;30/04/2014;2014;abril;chuvoso;406,8343039;-0.16;262,9297;26;27;5,43;;;;115;72;7,16;81,4
Cantanhede ;13;33680000;310;Baixo curso;06/05/2014;2014;maio;chuvoso;361,6599159;-0.17;420,8439;27;27;5,5;;;;105;64;6,32;25,6
Colinas;4;33480000;311;Alto Curso;26/06/2014;2014;junho;chuvoso;5,348777533;0.00;37,2767;27;27;5,02;;;15,2;15,3;15;5,84;50,5
Mirador (São Felinho);1;33410000;312;Alto Curso;10/07/2014;2014;julho;chuvoso;0;0.42;51,8284;29;26;6,38;;;;9,6;0;7,91;62,4
Caxias;6;33550000;313;Médio Curso;25/07/2014;2014;julho;chuvoso;13,37515664;0.42;35,2456;28;29;6,94;;;14,9;24,2;34,1;7,03;101,6
Codó;9;33590000;314;Baixo curso;25/07/2014;2014;julho;chuvoso;6,603837371;0.42;36,9209;32,8;30,3;7,3;;;;24,3;57,5;7,78;49,7
Governador Eugenio Barros (MONTEVIDEU);3;33530000;657;Médio Curso;26/07/2014;2014;julho;chuvoso;5,026354313;0.42;33,7776;29;27;6,78;;;;31,9;21,4;7,61;9,92
Coroatá ;11;33630000;658;Baixo curso;28/07/2014;2014;julho;chuvoso;9,574497461;0.42;44,5952;33;30;7,45;;;;22,1;59,5;7,9;136,4
Cantanhede ;13;33680000;316;Baixo curso;01/08/2014;2014;agosto;estiagem;12,44650078;0.23;38,9119;33;30,5;8,15;;;21,5;20,9;62,9;7,73;13,1
Mirador (São Felinho);1;33410000;317;Alto Curso;23/09/2014;2014;setembro;estiagem;7,223015785;-0.09;40,946;28;27;5,8;;;;4,71;6,3;7,72;81,4
Colinas;4;33480000;318;Alto Curso;03/10/2014;2014;outubro;estiagem;121,3678818;0.12;31,2311;34;28,5;6,34;;;27;14,1;10,2;7,31;22,3
Colinas;4;33480000;319;Alto Curso;03/10/2014;2014;outubro;estiagem;121,3678818;0.12;31,2311;34;28,5;6,34;;;;14,1;11,1;7,31;124,2
Codó;9;33590000;321;Baixo curso;23/10/2014;2014;outubro;estiagem;38,05172253;0.12;31,9249;34;34;6,56;;;;55,6;31,4;5,76;47
Governador Eugenio Barros (MONTEVIDEU);3;33530000;659;Médio Curso;23/10/2014;2014;outubro;estiagem;87,07872009;0.12;30,5087;34;30,2;6,77;;;;18,4;16,7;7,43;25,5
Caxias;6;33550000;322;Médio Curso;24/10/2014;2014;outubro;estiagem;51,42405224;0.12;31,1006;33,5;29,9;6,86;;;14,9;19,5;27,9;7,16;123,7
Coroatá ;11;33630000;660;Baixo curso;27/10/2014;2014;outubro;estiagem;39,85002613;0.12;39,9568;38;35;7,23;;;;21;41,8;8,19;85,6
Cantanhede ;13;33680000;323;Baixo curso;31/10/2014;2014;outubro;estiagem;17,1711216;0.12;34,23;34;29;7,3;;;26,9;13,9;40,9;7,27;36,9
Coroatá ;11;33630000;661;Baixo curso;13/02/2015;2015;fevereiro;chuvoso;350,9741385;0.06;76,0957;31;30;10,39;;;;32;14,3;5,5;74
Cantanhede ;13;33680000;324;Baixo curso;19/02/2015;2015;fevereiro;chuvoso;267,0153892;0.06;103,9282;25;26,1;10,6;;;;257;20,9;3,86;26,8
Colinas;4;33480000;325;Alto Curso;02/04/2015;2015;abril;chuvoso;135,7643919;0.31;51,6153;31;28;6,49;;;38,8;40;24;5,78;51
Mirador;2;33420000;662;Alto Curso;07/04/2015;2015;abril;chuvoso;183,9558005;0.31;16,85;31;28;6,59;;;;18,5;14,6;5,77;26,7
Mirador (São Felinho);1;33410000;327;Alto Curso;08/05/2015;2015;maio;chuvoso;15,75283146;0.95;50,3106;33;27;6,66;;;;7,7;5,2;6,28;26
Caxias;6;33550000;328;Médio Curso;09/05/2015;2015;maio;chuvoso;180,7941647;0.95;59,3523;30;28,8;6,79;;;44,9;37,3;62,2;7;139,9
Governador Eugenio Barros (MONTEVIDEU);3;33530000;663;Médio Curso;11/05/2015;2015;maio;chuvoso;77,48742294;0.95;47,29;30;28,8;6,76;;;;19,4;47,1;7,06;34,6
Codó;9;33590000;330;Baixo curso;12/05/2015;2015;maio;chuvoso;215,9306755;0.95;78,6242;34;30,1;6,88;;;;24,2;59;7,05;94
Cantanhede ;13;33680000;331;Baixo curso;24/06/2015;2015;junho;chuvoso;81,64553499;1.90;65,3643;33;31;8,53;;;36;17,3;62,1;8,1;83,1
Coroatá ;11;33630000;664;Baixo curso;01/07/2015;2015;julho;chuvoso;23,46805334;1.79;38,52;33;30;6,78;;;;16,3;53;6,77;103,5
Colinas;4;33480000;332;Alto Curso;18/07/2015;2015;julho;chuvoso;0;1.79;33,3132;34;27;5,8;;;8,4;12,1;3,9;6,79;57,2
Mirador (São Felinho);1;33410000;333;Alto Curso;22/07/2015;2015;julho;chuvoso;0;1.79;95,4206;34;26,2;6,01;;;;10,5;0;6,88;1101
Mirador;2;33420000;665;Alto Curso;22/07/2015;2015;julho;chuvoso;9,41001749;1.79;10,0261;30;25,3;6,13;;;;12,3;1,8;6,9;1060
Caxias;6;33550000;335;Médio Curso;28/08/2015;2015;agosto;estiagem;0;1.95;29,3284;31;30,5;6,85;;;13,5;21;24,1;7,32;71,6
Governador Eugenio Barros (MONTEVIDEU);3;33530000;666;Médio Curso;31/08/2015;2015;agosto;estiagem;0;1.95;28,77;34,3;30,1;6,75;;;;21,3;15,1;7,35;136,4
Codó;9;33590000;337;Baixo curso;01/09/2015;2015;setembro;estiagem;8,221525669;2.24;28,967;33;31;6,82;;;;22,8;27,3;6,79;23,2
Coroatá ;11;33630000;667;Baixo curso;02/10/2015;2015;outubro;estiagem;3,182586432;2.15;27,83;36;32,5;6,82;;;;42,8;40,9;7,21;112,4
Cantanhede ;13;33680000;338;Baixo curso;08/10/2015;2015;outubro;estiagem;9,074969769;2.15;27,9842;34;32;7,27;;;24,1;17;43,7;8,06;62,5
Mirador (São Felinho);1;33410000;339;Alto Curso;31/10/2015;2015;outubro;estiagem;38,85896492;2.15;45,461;31;28;7,15;;;;11;7,4;7,57;68
Colinas;4;33480000;340;Alto Curso;03/11/2015;2015;novembro;estiagem;26,14725494;1.94;30,036;33;29;6,42;;;11,9;29,4;10,6;7,49;28,2
Mirador;2;33420000;668;Alto Curso;05/11/2015;2015;novembro;estiagem;28,94803524;1.94;8,461;29;28;6,47;;;;32,7;12,7;7,34;11
Governador Eugenio Barros (MONTEVIDEU);3;33530000;669;Médio Curso;12/11/2015;2015;novembro;estiagem;28,94803524;1.94;26,121;34,1;29,9;6,73;;;;19,3;11,4;7,45;37,9
Caxias;6;33550000;343;Médio Curso;13/11/2015;2015;novembro;estiagem;8,032613754;1.94;27,7817;35,9;30;6,93;;;10,64;21,2;19;6,94;127,8
Codó;9;33590000;344;Baixo curso;18/11/2015;2015;novembro;estiagem;23,73195267;1.94;27,79;33,1;30,7;7,15;;;;16,5;22,9;7,33;55,6
Cantanhede ;13;33680000;345;Baixo curso;24/02/2016;2016;fevereiro;chuvoso;167,2878737;1.81;123,7293;33;32;7,27;;;54,2;43,1;78,3;7,76;49,4
Coroatá ;11;33630000;670;Baixo curso;29/02/2016;2016;fevereiro;chuvoso;190,1288171;1.81;82,0238;34;31;6,68;;;;40,1;76,3;6,89;75,9
Mirador;2;33420000;671;Alto Curso;07/04/2016;2016;abril;chuvoso;86,12443018;1.33;10,527;33;30;6,2;;;;18;82,5;7,01;113,1
Colinas;4;33480000;347;Alto Curso;11/04/2016;2016;abril;chuvoso;100,4854379;1.33;38,0447;34;28;6,3;;;40,7;25,5;80,2;7,29;41,8
Mirador (São Felinho);1;33410000;348;Alto Curso;12/04/2016;2016;abril;chuvoso;58,87334156;1.33;68,3806;32;28;5,68;;;;16;89,8;7,55;48
Caxias;6;33550000;349;Médio Curso;09/05/2016;2016;maio;chuvoso;57,46764398;1.24;33,9968;30;29,68;6,28;;;16,6;10,4;4;6,37;17
Coroatá ;11;33630000;672;Baixo curso;11/05/2016;2016;maio;chuvoso;81,8485117;1.24;48,47;35;30,8;7,03;;;;36,2;56,8;6,45;23,2
Codó;9;33590000;350;Baixo curso;13/05/2016;2016;maio;chuvoso;71,31559372;1.24;39,961;33;30,93;6,51;;;;4,94;10;6,44;38
Cantanhede ;13;33680000;352;Baixo curso;17/05/2016;2016;maio;chuvoso;121,7002974;1.24;71,4103;34;31,8;6,92;;;54,1;46,5;69,5;6,57;47,3
Governador Eugenio Barros (MONTEVIDEU);3;33530000;673;Médio Curso;17/05/2016;2016;maio;chuvoso;46,4776926;1.24;35,189;31;29,47;6,61;;;;16,3;36;6,29;113,1
Mirador;2;33420000;674;Alto Curso;27/07/2016;2016;julho;chuvoso;0;-0.53;8,0374;27;23,8;5,67;;;6,9;16,1;8,9;8,29;26,8
Colinas;4;33480000;354;Alto Curso;28/07/2016;2016;julho;chuvoso;3,673447609;-0.53;30,1352;29;23,8;5,13;;;9,3;11,8;11,4;8,36;87,5
Mirador (São Felinho);1;33410000;355;Alto Curso;03/08/2016;2016;agosto;estiagem;6,463068724;-0.27;28,0257;34;26,2;5,42;;;;15,6;7;8,07;57,7
Caxias;6;33550000;356;Médio Curso;25/08/2016;2016;agosto;estiagem;0;-0.27;24,789;31;29;6,44;;;15,8;58,4;24,5;7,67;15
Codó;9;33590000;357;Baixo curso;29/08/2016;2016;agosto;estiagem;9,909317017;-0.27;25,8;35;30,4;6,4;;;;17,5;27,5;7,58;25,5
Governador Eugenio Barros (MONTEVIDEU);3;33530000;675;Médio Curso;02/09/2016;2016;setembro;estiagem;15,54822969;-0.29;22,503;31;29,2;3,55;;;;16;14,7;7,5;33
Cantanhede ;13;33680000;359;Baixo curso;05/09/2016;2016;setembro;estiagem;46,70059395;-0.29;26,198;33;31,7;7,29;;;;13,9;40,1;7,89;64,8
Coroatá ;11;33630000;676;Baixo curso;12/09/2016;2016;setembro;estiagem;52,403687;-0.29;25,2143;35;31,6;7,87;;;;15,1;39,4;8,23;67
Colinas;4;33480000;360;Alto Curso;11/10/2016;2016;outubro;estiagem;143,2771435;-0.54;29,6352;34;30;5,62;;;9;22,3;13,6;7,18;34,7
Mirador;2;33420000;677;Alto Curso;14/10/2016;2016;outubro;estiagem;127,6365509;-0.54;7,81;30;27,7;5,56;;;;56,5;11,5;7,26;57,7
Mirador (São Felinho);1;33410000;362;Alto Curso;17/10/2016;2016;outubro;estiagem;127,8702755;-0.54;34,8379;32;27,8;5,02;;;;8,65;8;7,54;54,4
Governador Eugenio Barros (MONTEVIDEU);3;33530000;678;Médio Curso;17/11/2016;2016;novembro;estiagem;51,13823748;-0.48;28,3013;30,4;29,6;6,25;;;;31,7;8,1;6,37;131
Caxias;6;33550000;364;Médio Curso;18/11/2016;2016;novembro;estiagem;21,64035666;-0.48;26,612;32;29,1;6,82;;;26,7;74,6;12,9;6,16;15,39
Codó;9;33590000;365;Baixo curso;21/11/2016;2016;novembro;estiagem;18,49352646;-0.48;26,9137;30,2;30,1;6,6;;;;43,1;16,6;6,3;91
Codó;9;33590000;366;Baixo curso;01/02/2017;2017;fevereiro;chuvoso;279,284796;-0.42;114,8507;32;29,2;5,9;;;;214;42,8;6,23;55,4
Caxias;6;33550000;367;Médio Curso;17/02/2017;2017;fevereiro;chuvoso;327,3938708;-0.42;63,3975;31;27,2;6,26;;;429;406;56,5;6,47;26,8
Governador Eugenio Barros (MONTEVIDEU);3;33530000;679;Médio Curso;20/02/2017;2017;fevereiro;chuvoso;299,9474549;-0.42;57,3761;32,3;27,7;5,9;;;;88,6;56,5;6,11;6
Colinas;4;33480000;369;Alto Curso;22/02/2017;2017;fevereiro;chuvoso;198,3708344;-0.42;57,68;31;27,71;4,98;;;15,7;39,5;26,7;8,76;18,2
Mirador;2;33420000;680;Alto Curso;24/02/2017;2017;fevereiro;chuvoso;299,9474549;-0.42;22,4014;27;27,02;5,5;;;;22,5;28,8;8,25;50,5
Coroatá ;11;33630000;681;Baixo curso;25/03/2017;2017;março;chuvoso;316,4095321;-0.58;230,2716;32,5;29,8;6,57;;;;68,2;87,8;6,38;61
Codó;9;33590000;371;Baixo curso;28/03/2017;2017;março;chuvoso;313,48962;-0.58;146,9842;31;28,32;9,42;;;;146;59,7;6,71;23
Mirador (São Felinho);1;33410000;372;Alto Curso;29/03/2017;2017;março;chuvoso;148,11799;-0.58;34,0727;32;28;5,36;;;;8,08;8,6;4,93;26,7
Caxias;6;33550000;373;Médio Curso;11/04/2017;2017;abril;chuvoso;289,5543041;-0.19;74,598;31,5;28,6;6,84;;;;44,2;67,4;6,78;0
Governador Eugenio Barros (MONTEVIDEU);3;33530000;682;Médio Curso;13/04/2017;2017;abril;chuvoso;191,3220644;-0.19;55,0453;32,5;29,1;6,61;;;;47,2;47,1;6,52;28,2
Cantanhede ;13;33680000;375;Baixo curso;18/04/2017;2017;abril;chuvoso;237,0975549;-0.19;497,4103;33,2;29,5;6,76;;;51,7;56,4;64,8;5,84;63,1
Colinas;4;33480000;376;Alto Curso;03/05/2017;2017;maio;chuvoso;16,6498493;0.19;42,1226;29,4;28,3;5,25;;;32,8;8,57;19,3;7,72;22,6
Codó;9;33590000;377;Baixo curso;03/05/2017;2017;maio;chuvoso;138,0752485;0.19;111,89;29,5;27,9;7,95;;;;95,2;47,2;7,9;336,8
Mirador;2;33420000;683;Alto Curso;04/05/2017;2017;maio;chuvoso;50,95844001;0.19;11,9506;29,1;27,7;5,72;;;;8,02;13,3;7,11;15,39
Mirador (São Felinho);1;33410000;379;Alto Curso;08/05/2017;2017;maio;chuvoso;6,374094009;0.19;30,1766;30,1;27,6;4,29;;;;6,68;8,1;7,29;9,43
Codó;9;33590000;380;Baixo curso;27/05/2017;2017;maio;chuvoso;138,0752485;0.19;111,89;32;29;6,59;;;;60,8;72,4;6,18;86
Caxias;6;33550000;381;Médio Curso;09/06/2017;2017;junho;chuvoso;14,05160904;-0.24;40,113;29,5;27,7;6,67;;;25,8;32,4;43,2;7,23;50,1
Governador Eugenio Barros (MONTEVIDEU);3;33530000;684;Médio Curso;12/06/2017;2017;junho;chuvoso;16,52385902;-0.24;37,329;31,5;28,5;6,31;;;;25,8;24;7,37;28,2
Colinas;4;33480000;383;Alto Curso;03/07/2017;2017;julho;chuvoso;0;-0.63;30,989;27,9;27,3;5,56;;;10,9;15,8;11,7;7,55;13,46
Mirador;2;33420000;685;Alto Curso;04/07/2017;2017;julho;chuvoso;5,966807842;-0.63;8,2519;28;26,6;5,31;;;;23,9;8,7;7,59;9,92
Mirador (São Felinho);1;33410000;385;Alto Curso;05/07/2017;2017;julho;chuvoso;0;-0.63;11,8461;28,5;25,7;5;;;;6,36;7;7,79;7,84
Coroatá ;11;33630000;686;Baixo curso;05/07/2017;2017;julho;chuvoso;8,82286036;-0.63;39,2477;26;27,9;6,5;;;;17,9;910,4;7,69;1060
Cantanhede ;13;33680000;386;Baixo curso;10/07/2017;2017;julho;chuvoso;19,57749248;-0.63;42,1361;33;29,6;6,08;;;202,9;11,2;910,2;9,12;1092
Caxias;6;33550000;387;Médio Curso;30/08/2017;2017;agosto;estiagem;0;-0.73;29,669;30,4;28,2;6,06;;;13,9;16,8;26,7;7,49;31,3
Governador Eugenio Barros (MONTEVIDEU);3;33530000;687;Médio Curso;01/09/2017;2017;setembro;estiagem;0;-0.74;23,3933;31,5;29,2;5,76;;;;17,6;15,6;7,61;18,59
Rosário;19;33698000;389;Baixo curso;05/09/2017;2017;setembro;estiagem;10,96416903;-0.74;28,7719;29,68;6,84;6,5;;;;113,41;52,2;6,17;34046
Santa Rita;17;33693000;390;Baixo curso;19/09/2017;2017;setembro;estiagem;12,13419724;-0.74;30,5087;28,17;31,18;7,02;;;;8,29;39;6,95;31,18
Cantanhede (Itapecuru mirim);14;33685000;391;Baixo curso;28/09/2017;2017;setembro;estiagem;9,785929203;-0.74;42,1226;28,024;30,786;6,64;;;;12,03;52,2;8,13;60,5
Cantanhede 2;15;33680001;392;Baixo curso;28/09/2017;2017;setembro;estiagem;9,785929203;-0.74;23,3933;27,156;30,55;6,68;;;;10,47;46;7,67;61,5
Itapecuru mirim;16;33690000;393;Baixo curso;28/09/2017;2017;setembro;estiagem;10,55908155;-0.74;39,6341;28,6;30,808;6,5;;;;14,74;0;8,15;62,5
Coroatá ;11;33630000;688;Baixo curso;29/09/2017;2017;setembro;estiagem;5,14188242;-0.74;27,224;35;32,29;7,37;;;;11,7;37,4;6,02;47
Cantanhede ;13;33680000;394;Baixo curso;26/10/2017;2017;outubro;estiagem;28,60051727;-0.59;28,7719;35,5;30,97;6,95;;;19;10,7;42,3;7,22;52
Cantanhede ;13;33680000;395;Baixo curso;23/11/2017;2017;novembro;estiagem;24,82995987;-0.62;31,7717;32,4;30,5;6,782;;;;38,9;41,6;7,93;50,7
Rosário;19;33698000;396;Baixo curso;04/12/2017;2017;dezembro;estiagem;83,31985545;-0.74;103,9282;29,66;8,29;10,6;;;;349,29;20,9;6,93;2270
Coroatá ;11;33630000;689;Baixo curso;04/12/2017;2017;dezembro;estiagem;98,17525959;-0.74;36,4529;31,2;29,9;6,026;;;;24,4;913;7,96;1101
Cantanhede (Itapecuru mirim);14;33685000;397;Baixo curso;11/12/2017;2017;dezembro;estiagem;111,7993126;-0.74;48,47;28,7;29,6;7,26;;;;25,15;89;7,29;49,4
Cantanhede 2;15;33680001;398;Baixo curso;11/12/2017;2017;dezembro;estiagem;111,7993126;-0.74;59,3452;27,5;29,1;6,2;;;;29;12;7,6;79
Itapecuru mirim;16;33690000;399;Baixo curso;11/12/2017;2017;dezembro;estiagem;95,919204;-0.74;140,4651;26,15;29;6,82;;;;16,3;89,8;7,45;49,7
Santa Rita;17;33693000;400;Baixo curso;18/12/2017;2017;dezembro;estiagem;96,26396108;-0.74;49,8959;26,12;29,13;5,59;;;;20,05;116,2;6,32;50,9
Governador Eugenio Barros (MONTEVIDEU);3;33530000;690;Médio Curso;08/02/2018;2018;fevereiro;chuvoso;247,4653449;-0.71;47,9389;31;29;9,94;;;;32,6;22,2;7,37;26,3
Caxias;6;33550000;402;Médio Curso;09/02/2018;2018;fevereiro;chuvoso;294,2016976;-0.71;77,1661;27;30;6,91;;;129;109;49,4;6,72;59,7
Codó;9;33590000;403;Baixo curso;14/02/2018;2018;fevereiro;chuvoso;227,9176838;-0.71;248,52;26,9;30;7,2;;;;167;59,9;6,73;72,3
Colinas;4;33480000;404;Alto Curso;28/02/2018;2018;fevereiro;chuvoso;246,519861;-0.71;50,4064;33;27,8;7,09;;;29,8;45,6;22,4;6,52;26
Mirador;2;33420000;691;Alto Curso;01/03/2018;2018;março;chuvoso;231,452517;-0.80;19,4906;33;28,27;6,35;;;;45,9;30,7;5,47;36
Mirador (São Felinho);1;33410000;406;Alto Curso;02/03/2018;2018;março;chuvoso;138,1383781;-0.80;43,1001;31;27,56;6,79;;;;8,99;7,8;6,83;9
Codó;9;33590000;407;Baixo curso;09/03/2018;2018;março;chuvoso;275,9313729;-0.80;182,21;32;29,7;7,04;;;;37,8;82,5;6,22;99,1
Rosário;19;33698000;408;Baixo curso;14/03/2018;2018;março;chuvoso;227,2752397;-0.80;159,8931;29,397;3,39;6,62;;;;41,11;57,8;5,69;103,5
Caxias;6;33550000;409;Médio Curso;15/03/2018;2018;março;chuvoso;323,2570553;-0.80;88,4626;31;27,8;7,09;;;54,5;47,8;23;6,73;26,7
Santa Rita;17;33693000;410;Baixo curso;20/03/2018;2018;março;chuvoso;243,2556734;-0.80;41,6559;26,5;29,3;4,45;;;;31,4;114,7;6,31;105,3
Cantanhede ;13;33680000;411;Baixo curso;27/03/2018;2018;março;chuvoso;193,7322197;-0.80;458;34,8;26,3;6,09;;;183,7;141;43,3;6,39;49
Cantanhede (Itapecuru mirim);14;33685000;412;Baixo curso;04/04/2018;2018;abril;chuvoso;380,868783;-1.32;77,1661;25,015;26,965;6,55;;;;67,45;47,2;5,66;55,4
Cantanhede 2;15;33680001;413;Baixo curso;04/04/2018;2018;abril;chuvoso;380,868783;-1.32;97,6553;26,36;27;6,54;;;;64,26;73;5,64;58,1
Itapecuru mirim;16;33690000;414;Baixo curso;04/04/2018;2018;abril;chuvoso;421,5087972;-1.32;153,7253;25,7;27,125;6,55;;;;72,87;0,032;5,57;54,4
Coroatá ;11;33630000;692;Baixo curso;04/04/2018;2018;abril;chuvoso;411,3462291;-1.32;608,9227;35,2;27,2;6,15;;;;76,3;57,4;5,79;66
Mirador (São Felinho);1;33410000;415;Alto Curso;24/04/2018;2018;abril;chuvoso;133,1591864;-1.32;37,3368;32,2;27,4;5,03;;;;11,3;6,9;6,96;8
Mirador;2;33420000;693;Alto Curso;25/04/2018;2018;abril;chuvoso;224,2677593;-1.32;22,566;31,9;28,1;5,88;;;;20,1;19,7;6;23
Governador Eugenio Barros (MONTEVIDEU);3;33530000;694;Médio Curso;25/04/2018;2018;abril;chuvoso;224,2677593;-1.32;92,6587;29,5;28;6,24;;;;9,18;61,6;4,91;71,8
Codó;9;33590000;418;Baixo curso;26/04/2018;2018;abril;chuvoso;349,113713;-1.32;360,261;32;29;7,02;;;;32,1;79,2;6,31;94
Colinas;4;33480000;419;Alto Curso;27/04/2018;2018;abril;chuvoso;192,4185476;-1.32;70,222;32,7;28,12;6,26;;;20;25,1;20,5;6,73;24
Caxias;6;33550000;420;Médio Curso;02/05/2018;2018;maio;chuvoso;59,57164276;-0.94;58,4513;31;29,2;6,86;;;35,9;24,4;62,1;6,62;74
Governador Eugenio Barros (MONTEVIDEU);3;33530000;695;Médio Curso;17/05/2018;2018;maio;chuvoso;27,78684664;-0.94;51,8284;31;28,5;6,33;;;;24;39,9;6,46;47
Mirador (São Felinho);1;33410000;422;Alto Curso;22/05/2018;2018;maio;chuvoso;6,847265244;-0.94;65,2101;29,8;26,3;6,23;;;;17,6;5,3;7,33;6
Mirador;2;33420000;696;Alto Curso;23/05/2018;2018;maio;chuvoso;27,78684664;-0.94;13,5597;32,5;26,56;6,15;;;;31,3;9,7;7,79;11
Colinas;4;33480000;424;Alto Curso;24/05/2018;2018;maio;chuvoso;19,95834851;-0.94;44,8465;33,2;27,31;6,61;;;20,7;21,5;13,9;7,44;16
Cantanhede ;13;33680000;425;Baixo curso;05/06/2018;2018;junho;chuvoso;71,23011589;-0.52;87,8;31;28,4;6,13;;;633;268;55,3;6,98;65
Rosário;19;33698000;426;Baixo curso;05/06/2018;2018;junho;chuvoso;104,4302955;-0.52;159,8931;29,266;4,61;7,02;;;;35,3;22;6,97;119,9
Codó;9;33590000;427;Baixo curso;07/06/2018;2018;junho;chuvoso;47,98833799;-0.52;45,56;31;28,4;7,14;;;;22,3;46;7,1;54
Santa Rita;17;33693000;428;Baixo curso;12/06/2018;2018;junho;chuvoso;92,48584175;-0.52;34,0727;23,9;28,9;4,65;;;;23,4;55;7,4;98,9
Caxias;6;33550000;429;Médio Curso;13/06/2018;2018;junho;chuvoso;24,25376558;-0.52;41,4553;29;27,3;6,55;;;;19,9;28,6;7,53;33
Coroatá ;11;33630000;697;Baixo curso;28/06/2018;2018;junho;chuvoso;62,51234818;-0.52;59,5643;31;28,36;6,28;;;;19,3;64,7;7,89;76
Cantanhede (Itapecuru mirim);14;33685000;430;Baixo curso;29/06/2018;2018;junho;chuvoso;71,23011589;-0.52;82,4249;26,43;28,8;8,1;;;;17,2;27;8,64;94,9
Cantanhede 2;15;33680001;431;Baixo curso;29/06/2018;2018;junho;chuvoso;71,23011589;-0.52;68,501;27,6;28,5;7,77;;;;18,4;82,5;8,12;93,9
Itapecuru mirim;16;33690000;432;Baixo curso;29/06/2018;2018;junho;chuvoso;86,9851532;-0.52;35,9932;26,93;29,6;8,71;;;;15,02;22;9,72;102,7
Codó 2;10;33590010;433;Baixo curso;27/08/2018;2018;agosto;estiagem;8,882586631;0.46;30,1352;27,95;31,48;7,62;;;;25,4;12,5;7,97;38,9
Coroatá 2;14;33630010;434;Baixo curso;27/08/2018;2018;agosto;estiagem;9,674966978;0.46;30,036;26,18;30,74;7,59;;;;19,97;7,8;7,98;70,9
Coroatá ;11;33630000;698;Baixo curso;27/08/2018;2018;agosto;estiagem;9,674966978;0.46;37,8661;26,86;30,85;7,94;;;;21,29;7,4;8,32;34,8
Caxias (Rio Itapecuru);5;33550020;435;Médio Curso;28/08/2018;2018;agosto;estiagem;2,640077647;0.46;40,585;25,98;29,08;7,11;;;;17,66;31,6;7,74;32,5
Caxias (2);8;33550010;436;Médio Curso;28/08/2018;2018;agosto;estiagem;4,754173142;0.46;49,0177;24,38;28,74;7,07;;;;21,5;7;7,74;37,9
Santa Rita;17;33693000;437;Baixo curso;29/08/2018;2018;agosto;estiagem;11,54825063;0.46;40,4794;25,5;30,3;6,6;;;;1,01;8;5,95;73,8
Rosário 2;18;33698050;438;Baixo curso;29/08/2018;2018;agosto;estiagem;18,70892524;0.46;38,52;27;30,5;6,79;;;;10,05;70;6,7;74,2
Rosário;19;33698000;439;Baixo curso;29/08/2018;2018;agosto;estiagem;26,51911822;0.46;262,9297;28,9;7,6;6,7;;;;163;52,2;5,85;28150
Governador Eugenio Barros (MONTEVIDEU);3;33530000;699;Médio Curso;03/09/2018;2018;setembro;estiagem;8,343871593;0.62;26,9177;30,3;29,17;6,25;;;;19,8;10,9;7,1;13
Mirador (São Felinho);1;33410000;441;Alto Curso;17/09/2018;2018;setembro;estiagem;6,978691757;0.62;23,3933;29;27,6;6,03;;;;2,16;0;8,32;0
Cantanhede (Itapecuru mirim);14;33685000;442;Baixo curso;17/09/2018;2018;setembro;estiagem;21,37244987;0.62;30,1766;33,3;32,3;8,44;;;;21,35;19,8;8,3;72,7
Cantanhede 2;15;33680001;443;Baixo curso;17/09/2018;2018;setembro;estiagem;21,37244987;0.62;11,9506;30,7;31,7;7,8;;;;19,24;13,5;8,22;69,9
Itapecuru mirim;16;33690000;444;Baixo curso;17/09/2018;2018;setembro;estiagem;13,06083012;0.62;26,741;29,8;32,3;8;;;;17,12;19;7,88;70,3
Mirador;2;33420000;700;Alto Curso;18/09/2018;2018;setembro;estiagem;8,343871593;0.62;8,3103;32;27,95;6,81;;;;28,7;12,9;7,33;15
Coroatá ;11;33630000;701;Baixo curso;18/09/2018;2018;setembro;estiagem;6,95947957;0.62;33,5197;36;32,6;7,85;;;;32,5;39,6;7,98;50
Colinas;4;33480000;446;Alto Curso;19/09/2018;2018;setembro;estiagem;2,568716764;0.62;26,741;32;28,86;7,77;;;;12,8;13,5;7,49;16
Codó;9;33590000;447;Baixo curso;19/09/2018;2018;setembro;estiagem;9,292777061;0.62;28,47;32,7;32,25;7,21;;;;24,86;82,5;7,38;37,1
Cantanhede ;13;33680000;448;Baixo curso;25/09/2018;2018;setembro;estiagem;21,37244987;0.62;34,0353;36;32,4;7,81;;;38,9;24,1;42,1;7,36;53
Cantanhede ;13;33680000;449;Baixo curso;26/09/2018;2018;setembro;estiagem;21,37244987;0.62;34,0353;36;32,4;7,81;;;;24,1;42,1;7,36;53
Coroatá 2;14;33630010;450;Baixo curso;27/11/2018;2018;novembro;estiagem;36,60456252;0.33;50,2733;31,6;30,6;7,3;;;;20,5;40,9;7,6;53
Cantanhede ;13;33680000;451;Baixo curso;27/11/2018;2018;novembro;estiagem;51,7305969;0.33;33,9923;32;29,1;7,15;;;;148;45,4;6,89;54
Santa Rita;17;33693000;452;Baixo curso;27/11/2018;2018;novembro;estiagem;61,15754151;0.33;47,0848;27,502;29,979;6,27;;;;15,3;86,1;6,15;55,6
Rosário 2;18;33698050;453;Baixo curso;27/11/2018;2018;novembro;estiagem;61,40105009;0.33;118,6838;27,2;30,02;3,97;;;;15,26;81;6,16;61,6
Coroatá ;11;33630000;702;Baixo curso;27/11/2018;2018;novembro;estiagem;36,60456252;0.33;36,506;28,15;31,3;7,58;;;;21,4;10,2;8,27;51,4
Caxias (Rio Itapecuru);5;33550020;454;Médio Curso;28/11/2018;2018;novembro;estiagem;49,4960444;0.33;11,8014;25,637;28,881;7,16;;;;21,84;30;6,95;34,7
Caxias (2);8;33550010;455;Médio Curso;28/11/2018;2018;novembro;estiagem;41,43385971;0.33;126,0057;26,5;29,3;6,88;;;;25,5;1,8;7,03;41,5
Codó 2;10;33590010;456;Baixo curso;29/11/2018;2018;novembro;estiagem;33,28050733;0.33;59,3452;26,4;29,416;7,07;;;;29,74;68,5;7,27;36,8
Codó;9;33590000;457;Baixo curso;29/11/2018;2018;novembro;estiagem;33,28050733;0.33;34,021;29,52;31,05;7,1;;;;55,4;94,7;7,22;45,5
Coroatá ;11;33630000;703;Baixo curso;29/11/2018;2018;novembro;estiagem;36,60456252;0.33;36,506;31,88;29,57;6,48;;;;127;64,2;3,85;77
Rosário;19;33698000;458;Baixo curso;30/11/2018;2018;novembro;estiagem;57,35721016;0.33;146,9842;29,837;7,91;6,5;;;;91,43;62;6,09;11071,3
Cantanhede (Itapecuru mirim);14;33685000;459;Baixo curso;18/12/2018;2018;dezembro;estiagem;258,8147099;0.18;39,2477;27,56;28,08;7,25;;;;109,8;89;6,28;81,4
Cantanhede 2;15;33680001;460;Baixo curso;18/12/2018;2018;dezembro;estiagem;258,8147099;0.18;56,8217;28,37;28,25;7,47;;;;108,39;41,5;6,04;84,6
Itapecuru mirim;16;33690000;461;Baixo curso;18/12/2018;2018;dezembro;estiagem;293,3498778;0.18;63,3975;26,15;27,72;6,18;;;;275,43;55,3;5,65;87,5
Caxias;6;33550000;462;Médio Curso;23/01/2019;2019;janeiro;chuvoso;170,5567212;0.09;40,7174;32;30,7;7,17;;;30,8;38,9;31,1;7,2;38
Codó;9;33590000;463;Baixo curso;28/01/2019;2019;janeiro;chuvoso;334,0589013;0.09;60,2313;31;28,8;11,4;;;;91,1;79,654;6,9;35
Coroatá ;11;33630000;704;Baixo curso;29/01/2019;2019;janeiro;chuvoso;378,908597;0.09;77,91;33;30,3;8,46;;;;84,6;39,5;6,75;48
Cantanhede ;13;33680000;464;Baixo curso;31/01/2019;2019;janeiro;chuvoso;317,7656169;0.09;123,2368;33;30,8;7,22;;;101,5;79;49,8;6,69;61
Colinas;4;33480000;465;Alto Curso;05/02/2019;2019;fevereiro;chuvoso;144,1576123;0.50;34,9807;29;26,8;8,24;;;16,4;24,9;25,4;7,36;29
Governador Eugenio Barros (MONTEVIDEU);3;33530000;705;Médio Curso;12/02/2019;2019;fevereiro;chuvoso;169,9240322;0.50;38,1493;32;29,7;6,34;;;;28,8;44,9;6,74;54
Mirador;2;33420000;706;Alto Curso;27/02/2019;2019;fevereiro;chuvoso;169,9240322;0.50;10,5593;33;29;5,46;;;;21,1;13,3;7,17;15,79
Mirador (São Felinho);1;33410000;468;Alto Curso;01/03/2019;2019;março;chuvoso;170,1850138;0.76;93,7226;29;26,7;4,45;;;;22;9;7,71;10,31
Caxias;6;33550000;469;Médio Curso;12/03/2019;2019;março;chuvoso;400,0573907;0.76;85,1403;32;30,2;6;;;37,7;35,4;68,5;7;83
Governador Eugenio Barros (MONTEVIDEU);3;33530000;707;Médio Curso;13/03/2019;2019;março;chuvoso;371,718256;0.76;59,3452;32;29;6;;;;32;53,9;5;64
Codó;9;33590000;471;Baixo curso;18/03/2019;2019;março;chuvoso;446,4484749;0.76;181,6361;32;29;6;;;;47,3;65,7;0;78
Santa Rita;17;33693000;472;Baixo curso;19/03/2019;2019;março;chuvoso;494,7337918;0.76;63,3975;27,48;28,03;6,17;;;;576,24;20,9;5,66;73,2
Rosário 2;18;33698050;473;Baixo curso;19/03/2019;2019;março;chuvoso;475,9640055;0.76;86,972;27,22;27,91;6,58;;;;77,9;173,2;5,61;69,5
Rosário;19;33698000;474;Baixo curso;19/03/2019;2019;março;chuvoso;498,7626972;0.76;341,7387;27,9;6,49;7,2;;;;83,4;9;5,65;68,3
Coroatá ;11;33630000;708;Baixo curso;19/03/2019;2019;março;chuvoso;445,6634369;0.76;320,2539;33;29;5;;;;61,1;76,7;6;91
Cantanhede ;13;33680000;475;Baixo curso;25/03/2019;2019;março;chuvoso;447,4826217;0.76;637,3597;32;30;5;;;65,2;71,5;55,5;6;67
Colinas;4;33480000;476;Alto Curso;28/03/2019;2019;março;chuvoso;259,4290848;0.76;45,3748;32;29,1;7;;;19,2;28,3;16,8;8;20
Mirador (São Felinho);1;33410000;477;Alto Curso;11/04/2019;2019;abril;chuvoso;185,5163398;0.30;37,329;32,5;27,87;5,17;;;;10,9;9,5;5,89;11
Mirador;2;33420000;709;Alto Curso;12/04/2019;2019;abril;chuvoso;230,6379564;0.30;19,56;31,3;28;6,24;;;;44,3;41,2;5,43;48
Colinas;4;33480000;479;Alto Curso;26/04/2019;2019;abril;chuvoso;295,3351538;0.30;63,2153;32;28,1;6,19;;;21,6;25,6;21,9;6,49;25,6
Governador Eugenio Barros (MONTEVIDEU);3;33530000;710;Médio Curso;27/04/2019;2019;abril;chuvoso;230,6379564;0.30;106,8017;32;28,7;6,99;;;;21,9;95,1;5,23;112,3
Codó;9;33590000;481;Baixo curso;03/05/2019;2019;maio;chuvoso;220,4928074;0.23;106,21;31;28,9;6,9;;;;43,7;88,6;6,14;105
Cantanhede ;13;33680000;482;Baixo curso;06/05/2019;2019;maio;chuvoso;259,5668507;0.23;378,401;31;29,2;6,64;;;71,6;39,9;79,9;5,42;95,2
Coroatá ;11;33630000;711;Baixo curso;08/05/2019;2019;maio;chuvoso;208,802108;0.23;166,9977;31,2;29,7;7;;;;41,5;113,5;6,24;136,4
Caxias;6;33550000;483;Médio Curso;09/05/2019;2019;maio;chuvoso;142,5471849;0.23;71,9832;31;28,6;7,14;;;49,4;43,3;95,9;6,68;113,1
Colinas;4;33480000;484;Alto Curso;29/05/2019;2019;maio;chuvoso;40,61836219;0.23;44,0655;31;27,2;6,07;;;;17,7;16,3;7,21;18,7
Caxias (2);8;33550010;485;Médio Curso;29/05/2019;2019;maio;chuvoso;177,6467819;0.23;65,4877;26,02;29,1;7,4;;;;26,34;6,9;7,28;79,4
Coroatá 2;14;33630010;486;Baixo curso;29/05/2019;2019;maio;chuvoso;208,802108;0.23;378,401;28,52;29,48;7,17;;;;50,14;246,89;6,95;130,5
Cantanhede (Itapecuru mirim);14;33685000;487;Baixo curso;29/05/2019;2019;maio;chuvoso;259,5668507;0.23;10,2031;27,45;28,77;7,11;;;;36,9;7;6,8;119,7
Cantanhede 2;15;33680001;488;Baixo curso;29/05/2019;2019;maio;chuvoso;259,5668507;0.23;77,2212;28,23;28,78;6,85;;;;42,07;53,9;6,8;120,7
Itapecuru mirim;16;33690000;489;Baixo curso;29/05/2019;2019;maio;chuvoso;298,4146647;0.23;87,2096;26,33;28,65;7,26;;;;37,82;49,1;6,76;113,1
Coroatá ;11;33630000;712;Baixo curso;30/05/2019;2019;maio;chuvoso;208,802108;0.23;166,9977;25;29,49;7,25;;;;49,68;109;6,96;127,8
Codó;9;33590000;490;Baixo curso;31/05/2019;2019;maio;chuvoso;220,4928074;0.23;106,21;25,93;29,51;7,37;;;;49,58;75;7,01;103,5
Caxias (Rio Itapecuru);5;33550020;491;Médio Curso;02/06/2019;2019;junho;chuvoso;7,676736608;0.35;37,4468;25,65;29;7,39;;;;29,83;21,9;7,04;93,8
Codó 2;10;33590010;492;Baixo curso;02/06/2019;2019;junho;chuvoso;7,948507309;0.35;80,5108;26,42;29,65;7,38;;;;41,87;94,7;7,06;96,7
Cantanhede ;13;33680000;493;Baixo curso;03/06/2019;2019;junho;chuvoso;28,80324632;0.35;89,47;31;29,6;7,27;;;;40,2;102,4;6,96;122,9
Mirador (São Felinho);1;33410000;494;Alto Curso;05/06/2019;2019;junho;chuvoso;1,114915602;0.35;41,7393;30,6;28,39;5,26;;;;9,71;6,8;7,61;8
Mirador;2;33420000;713;Alto Curso;06/06/2019;2019;junho;chuvoso;6,133869886;0.35;9,6837;29,7;26,09;5,78;;;;21,8;10,7;7,49;12
Codó;9;33590000;496;Baixo curso;07/06/2019;2019;junho;chuvoso;7,948507309;0.35;52,1517;30;28,3;7,25;;;;32,2;86,1;7,02;101
Coroatá ;11;33630000;714;Baixo curso;08/06/2019;2019;junho;chuvoso;16,84378952;0.35;65,4877;30;28,8;7,28;;;;33,5;108,6;7,04;128,5
Governador Eugenio Barros (MONTEVIDEU);3;33530000;715;Médio Curso;11/06/2019;2019;junho;chuvoso;6,133869886;0.35;38,867;30;27,9;6,99;;;;24,4;46,7;7,26;54,4
Caxias;6;33550000;498;Médio Curso;12/06/2019;2019;junho;chuvoso;6,956727266;0.35;44,479;30;27,7;7,1;;;;22,5;68,6;7,16;79,6
Santa Rita;17;33693000;499;Baixo curso;26/06/2019;2019;junho;chuvoso;74,72115064;0.35;44,5952;27,78;29,6;7,12;;;;9,6;82,5;7,75;109,7
Rosário 2;18;33698050;500;Baixo curso;26/06/2019;2019;junho;chuvoso;112,9680223;0.35;792,5766;25,13;9,74;7,34;;;;8,29;50;7,19;106,7
Rosário;19;33698000;501;Baixo curso;26/06/2019;2019;junho;chuvoso;142,4164526;0.35;139,146;30,4;7,3;7,2;;;;14,4;39,4;7,51;167,3
Mirador (São Felinho);1;33410000;502;Alto Curso;20/08/2019;2019;agosto;estiagem;5,49756217;0.32;106,21;28;24,46;5,49;;;;2,99;7,3;5,47;8
Mirador;2;33420000;716;Alto Curso;20/08/2019;2019;agosto;estiagem;0;0.32;7,881;25,4;27;5,64;;;;52,3;10,8;5,99;12
Codó 2;10;33590010;504;Baixo curso;21/08/2019;2019;agosto;estiagem;0;0.32;60,1117;28,62;31,54;7,75;;;;16,82;43;8,27;46,1
Codó;9;33590000;505;Baixo curso;21/08/2019;2019;agosto;estiagem;0;0.32;31,5877;26,82;30,84;7,35;;;;20,38;910,2;8,18;47,2
Coroatá 2;14;33630010;506;Baixo curso;21/08/2019;2019;agosto;estiagem;5,317474842;0.32;68,1296;26,77;29,84;7,7;2,8;;;12,96;45;8,17;71,2
Cantanhede (Itapecuru mirim);14;33685000;507;Baixo curso;21/08/2019;2019;agosto;estiagem;0;0.32;114,944;26,44;29,32;7,68;;;;10,98;13,6;7,5;71,9
Cantanhede 2;15;33680001;508;Baixo curso;21/08/2019;2019;agosto;estiagem;0;0.32;12,6634;25,56;29,92;7,21;;;;13,82;89;7,5;70,1
Itapecuru mirim;16;33690000;509;Baixo curso;21/08/2019;2019;agosto;estiagem;0;0.32;38,5292;26,22;30,16;7,8;;;;14,32;10,67;7,41;72,5
Coroatá ;11;33630000;717;Baixo curso;21/08/2019;2019;agosto;estiagem;5,317474842;0.32;37,0113;29,22;30,63;7,56;;;;14,41;277;8,34;69,1
Caxias (Rio Itapecuru);5;33550020;510;Médio Curso;22/08/2019;2019;agosto;estiagem;0;0.32;41,4133;25,9;29,3;7,2;;;;12,6;10,74;8,01;43,2
Caxias (2);8;33550010;511;Médio Curso;22/08/2019;2019;agosto;estiagem;0;0.32;11,8461;25,59;30,26;7,45;;;;20,96;41,4;8,35;44,7
Cantanhede (Itapecuru mirim);14;33685000;512;Baixo curso;16/09/2019;2019;setembro;estiagem;12,01081753;0.16;111,2425;28,19;30,47;6,85;13;;;10,6;35,5;7,35;65,8
Itapecuru mirim;16;33690000;513;Baixo curso;16/09/2019;2019;setembro;estiagem;18,73575735;0.16;45,9655;27,87;30,81;7,44;12;;;11,23;10,74;7,05;67,5
Santa Rita;17;33693000;514;Baixo curso;16/09/2019;2019;setembro;estiagem;20,06882906;0.16;29,3284;28,77;31,26;7,46;4,5;;;7,8;82,5;6,98;69
Rosário 2;18;33698050;515;Baixo curso;22/09/2019;2019;setembro;estiagem;13,82162285;0.16;52,0158;26,94;30,44;7,79;48;;;23,2;43,7;7,71;68,8
Rosário;19;33698000;516;Baixo curso;22/09/2019;2019;setembro;estiagem;7,701698542;0.16;259,3124;29,91;7,84;10,6;;;;149,7;74;7,09;2930
Codó 2;10;33590010;517;Baixo curso;31/10/2019;2019;outubro;estiagem;22,72903061;0.31;37,9357;29,47;33,07;8,46;22;;;27,11;24,1;8,31;40
Coroatá 2;14;33630010;518;Baixo curso;31/10/2019;2019;outubro;estiagem;27,33576775;0.31;38,9119;28,92;31,932;8,59;296,4;1380;;17,63;12,16;8,37;63,1
Caxias (Rio Itapecuru 2);7;33482100;519;Médio Curso;01/11/2019;2019;novembro;estiagem;53,98169209;0.47;359,2853;27,09;29,96;7,24;35,6;;;70,65;539,1;7,13;27,7
Caxias;6;33550000;520;Médio Curso;01/11/2019;2019;novembro;estiagem;40,8147571;0.47;29,24;35;29,9;6,5;;;;24,1;12,79;8,9;122,9
Caxias (Rio Itapecuru);5;33550020;521;Médio Curso;01/11/2019;2019;novembro;estiagem;53,98169209;0.47;33,9923;27,72;30,65;7,28;28,4;;;127,46;64,2;6,85;36,9
Itapecuru mirim;16;33690000;522;Baixo curso;13/11/2019;2019;novembro;estiagem;56,20265045;0.47;37,9357;28,5;31,43;7,68;828,4;89940;;16,5;103,6;7,65;63,8
Cantanhede (Itapecuru mirim);14;33685000;523;Baixo curso;14/11/2019;2019;novembro;estiagem;67,48065023;0.47;22,503;31,03;31,79;7,64;3903,2;96060;;14,19;27,5;7,58;61,6
Santa Rita;17;33693000;524;Baixo curso;14/11/2019;2019;novembro;estiagem;41,78101727;0.47;47,5169;26,018;30,84;7,39;61,06;180;;10,32;46;6,92;64,1
Rosário 2;18;33698050;525;Baixo curso;14/11/2019;2019;novembro;estiagem;25,77990853;0.47;10,2031;24,88;29,8;7,6;4208,4;95240;;36,54;67,4;6,8;77,3
Rosário;19;33698000;526;Baixo curso;14/11/2019;2019;novembro;estiagem;23,61215672;0.47;114,8507;29,34;7,9;6;4043,2;92440;;66,8;41,2;6,92;1405
Codó 2;10;33590010;527;Baixo curso;17/12/2019;2019;dezembro;estiagem;105,7481341;0.36;61,3842;27,3;31,9;7,31;53,6;1380;;47,8;88,6;7,22;44,4
Coroatá 2;14;33630010;528;Baixo curso;17/12/2019;2019;dezembro;estiagem;120,5107291;0.36;11,8014;27,91;30,8;7,34;16,2;80;;44,26;655,6;7,86;65,5
Caxias (Rio Itapecuru 2);7;33482100;529;Médio Curso;18/12/2019;2019;dezembro;estiagem;102,0017722;0.36;22,4014;26,63;29,42;5,64;18,8;1340;;15,89;7;7,39;25,5
Caxias;6;33550000;530;Médio Curso;18/12/2019;2019;dezembro;estiagem;96,46159935;0.36;29,5039;26,16;29,71;6,75;15,6;100;;20,53;20,4;7,17;35,1
Caxias (Rio Itapecuru);5;33550020;531;Médio Curso;18/12/2019;2019;dezembro;estiagem;102,0017722;0.36;57,8308;27,22;30,12;6,91;43,2;2880;;27,87;36;7,26;36,9
Caxias;6;33550000;532;Médio Curso;29/01/2020;2020;janeiro;chuvoso;333,7872677;0.25;48,8706;31,5;28,83;7,03;;;;52,8;62,9;6,6;74,5
Codó;9;33590000;533;Baixo curso;31/01/2020;2020;janeiro;chuvoso;472,6265569;0.25;73,3152;31;27,6;6,72;;;;110,82;49,8;5,89;57,7
Coroatá ;11;33630000;718;Baixo curso;03/02/2020;2020;fevereiro;chuvoso;283,6028779;0.26;252,49;32;28,58;6,71;;;;72,39;78,1;5,67;92
Governador Eugenio Barros (MONTEVIDEU);3;33530000;719;Médio Curso;13/02/2020;2020;fevereiro;chuvoso;333,7019753;0.26;48,3917;34,4;28,68;6,87;;;;75,75;35,4;6,65;41,8
Colinas;4;33480000;535;Alto Curso;14/02/2020;2020;fevereiro;chuvoso;192,3431258;0.26;43,3269;32;28,32;6,28;;;;26,03;17,8;6,6;20,9
Cantanhede ;13;33680000;536;Baixo curso;18/02/2020;2020;fevereiro;chuvoso;274,3823314;0.26;536,7986;33,2;28,2;7,23;;;;88,7;61,8;5,42;72,3
Mirador;2;33420000;720;Alto Curso;28/02/2020;2020;fevereiro;chuvoso;333,7019753;0.26;14,4528;31;28,5;5,67;;;;28,1;12,7;6,72;14,9
Mirador (São Felinho);1;33410000;538;Alto Curso;02/03/2020;2020;março;chuvoso;184,9166222;0.13;68,3806;30;27,8;5,66;;;;13,1;9;6,88;10,5
Cantanhede ;13;33680000;539;Baixo curso;04/03/2020;2020;março;chuvoso;393,0213199;0.13;1276,2386;32,1;27,9;6,59;;;;92,2;52,6;5,73;61,2
Codó 2;10;33590010;540;Baixo curso;16/12/2020;2020;dezembro;chuvoso;113,6778524;-1.14;71,4103;29,02;31,57;7,35;20;160;;48,49;13;7,63;49,4
Codó;9;33590000;541;Baixo curso;16/12/2020;2020;dezembro;chuvoso;113,6778524;-1.14;40,84;28,07;31;7,46;8;0;;38,18;43;7,9;47,3
Coroatá 2;14;33630010;542;Baixo curso;16/12/2020;2020;dezembro;chuvoso;128,3382951;-1.14;39,3237;29,17;30,94;8,01;46;160;;25,83;53;8,34;66,1
Coroatá ;11;33630000;721;Baixo curso;16/12/2020;2020;dezembro;chuvoso;128,3382951;-1.14;45,461;27,58;30,9;7,52;29;120;;45,66;16;8,33;64,8
Caxias (Rio Itapecuru 2);7;33482100;543;Médio Curso;17/12/2020;2020;dezembro;chuvoso;83,21150088;-1.14;33,6529;25,48;28,99;7,29;12;60;;24,48;20,4;7,28;31,8
Caxias;6;33550000;544;Médio Curso;17/12/2020;2020;dezembro;chuvoso;89,20637107;-1.14;38,5523;25,23;29,159;6,94;10;40;;23,31;8,1;7,17;41,5
Caxias (Rio Itapecuru);5;33550020;545;Médio Curso;17/12/2020;2020;dezembro;chuvoso;83,21150088;-1.14;76,5545;27,56;29,35;6,93;18;140;;26,7;32;7,09;43,9
Caxias (2);8;33550010;546;Médio Curso;17/12/2020;2020;dezembro;chuvoso;99,64809442;-1.14;35,2124;27,35;29,63;7,08;11;40;;25,52;3,9;7,43;45,6
Cantanhede (Itapecuru mirim);14;33685000;547;Baixo curso;04/03/2021;2021;março;chuvoso;514,0798326;-0.79;46,4684;26,56;26,95;6,41;39,6;160;;78,95;63;5,35;62,4
Cantanhede 2;15;33680001;548;Baixo curso;04/03/2021;2021;março;chuvoso;514,0798326;-0.79;73,3152;26,57;27,08;6,49;54.5;360;;90,73;341,5;5,48;63,5
Itapecuru mirim;16;33690000;549;Baixo curso;04/03/2021;2021;março;chuvoso;561,0572147;-0.79;146,6959;24,84;26,91;6,3;47,42;140;;84,51;420;5,26;57,9
Santa Rita;17;33693000;550;Baixo curso;04/03/2021;2021;março;chuvoso;501,5416827;-0.79;64,5299;25,16;27,49;6,33;51;320;;77,2;41,5;5,1;57,2
Rosário 2;18;33698050;551;Baixo curso;04/03/2021;2021;março;chuvoso;429,0962341;-0.79;105,4717;24,32;26,89;6,4;80,66;200;;121;85;5,07;58,3
Rosário;19;33698000;552;Baixo curso;04/03/2021;2021;março;chuvoso;428,9885974;-0.79;36,7476;26,7;34,5;6,59;64;160;;26,7;49,8;5,04;85,6
Codó;9;33590000;553;Baixo curso;31/05/2021;2021;maio;chuvoso;99,48366213;-1.07;88,6606;26,6;30,38;7,64;34,4;80;;32,98;9;7,61;81,3
Coroatá 2;14;33630010;554;Baixo curso;31/05/2021;2021;maio;chuvoso;106,6213264;-1.07;40,946;28,25;30,46;8,04;6;80;;18,5;27,3;8,26;115,7
Coroatá ;11;33630000;722;Baixo curso;31/05/2021;2021;maio;chuvoso;106,6213264;-1.07;104,631;25,97;30,46;7,84;8;140;;15,26;12,5;8,04;112,4
Caxias (Rio Itapecuru 2);7;33482100;555;Médio Curso;01/06/2021;2021;junho;chuvoso;21,80527401;-1.05;31,899;24,89;27,97;7,41;12,4;80;;23,39;50;7,39;59
Caxias;6;33550000;556;Médio Curso;01/06/2021;2021;junho;chuvoso;38,60607398;-1.05;41,12;25,75;28,26;7,42;30;60;;23,31;10,4;7,26;72
Caxias (Rio Itapecuru);5;33550020;557;Médio Curso;01/06/2021;2021;junho;chuvoso;21,80527401;-1.05;50,1794;27,95;28,4;7,52;7,6;120;;22,98;910,2;7,25;74,1
Caxias (2);8;33550010;558;Médio Curso;01/06/2021;2021;junho;chuvoso;32,02550936;-1.05;52,7519;25,91;29,28;7,58;9,2;140;;23,87;47,3;7,45;71,6
Codó 2;10;33590010;559;Baixo curso;01/06/2021;2021;junho;chuvoso;38,99294639;-1.05;61,1;24,6;28,2;6,6;7,2;240;;24,3;17;7,35;77,1
Mirador (São Felinho);1;33410000;560;Alto Curso;19/07/2021;2021;julho;chuvoso;3,32822299;-1.44;59,3523;30;26;5,61;;;;7,29;5;8,34;6
Mirador;2;33420000;723;Alto Curso;20/07/2021;2021;julho;chuvoso;29,13053131;-1.44;8,6384;30;25,53;6,68;;;;18,1;8,6;7,32;8
Caxias;6;33550000;562;Médio Curso;16/08/2021;2021;agosto;estiagem;0;-1.29;29,74;38;28,36;5,7;;;12,2;18,3;33,4;3,1;38
Colinas;4;33480000;563;Alto Curso;23/08/2021;2021;agosto;estiagem;0;-1.29;27,0461;32;29;7;;;8,3;135;9,8;2;11
Coroatá ;11;33630000;724;Baixo curso;09/09/2021;2021;setembro;estiagem;39,98716879;-1.38;33,9753;32;30;9,88;;;;27,7;53;7,36;64
Governador Eugenio Barros (MONTEVIDEU);3;33530000;725;Médio Curso;10/09/2021;2021;setembro;estiagem;85,14519548;-1.38;24,4723;32;30;9,67;;;;23,6;19,2;7,16;23,2
Codó;9;33590000;565;Baixo curso;13/09/2021;2021;setembro;estiagem;41,20109463;-1.38;30,6427;31;29;9,27;;;;19,8;38,7;7,6;46
Cantanhede ;13;33680000;566;Baixo curso;29/09/2021;2021;setembro;estiagem;50,24820232;-1.38;28,0257;36,3;31;7,78;;;45,6;38,5;61,8;8,29;75,9
Mirador (São Felinho);1;33410000;567;Alto Curso;27/10/2021;2021;outubro;estiagem;91,78468752;-1.46;637,3597;30;27;12,5;;;;17,5;11,4;6,97;13,1
Mirador;2;33420000;726;Alto Curso;27/10/2021;2021;outubro;estiagem;156,6909995;-1.46;6,8935;30;28;14;;;;45,7;19,8;6,71;22,3
Colinas;4;33480000;569;Alto Curso;10/11/2021;2021;novembro;estiagem;165,3035538;-1.39;50,0723;37,8;27,1;6,13;;;90,2;179;23,4;6,85;26,8
Codó;9;33590000;570;Baixo curso;19/11/2021;2021;novembro;estiagem;105,0802908;-1.39;51,7483;33;31;6,25;;;;130;41,5;6,81;51
Coroatá ;11;33630000;727;Baixo curso;23/11/2021;2021;novembro;estiagem;112,840796;-1.39;56,8217;36;30,6;6,59;;;;145;55,7;7,07;68
Cantanhede (Itapecuru mirim);14;33685000;571;Baixo curso;25/11/2021;2021;novembro;estiagem;108,4414449;-1.39;56,5461;28,83;30,38;7,04;29,6;60;;120,7;94;6,68;79,7
Cantanhede 2;15;33680001;572;Baixo curso;25/11/2021;2021;novembro;estiagem;108,4414449;-1.39;69,454;27,95;30,15;7,45;37,2308;60;;119,3;84;6,7;84,6
Itapecuru mirim;16;33690000;573;Baixo curso;25/11/2021;2021;novembro;estiagem;108,0771623;-1.39;143,4287;29,02;30,24;7,07;32,4;40;;135,7;9,8;6,48;72,6
Santa Rita;17;33693000;574;Baixo curso;25/11/2021;2021;novembro;estiagem;112,5271919;-1.39;26,767;26,9;31,59;7,25;25,33;40;;51,7;105;7,06;68,8
Rosário 2;18;33698050;575;Baixo curso;25/11/2021;2021;novembro;estiagem;114,0762472;-1.39;39,8388;27;31,05;7,36;30;40;;47,5;53;6,87;74
Rosário;19;33698000;576;Baixo curso;25/11/2021;2021;novembro;estiagem;128,8833747;-1.39;103,9282;30,46;7,77;7,2;54;140;;112,9;105;7,25;256,8
Codó 2;10;33590010;578;Baixo curso;01/12/2021;2021;dezembro;estiagem;289,6239476;-1.20;57,9395;27,31;30,69;7,17;36,7;60;;50,25;15;6,97;66,1
Coroatá 2;14;33630010;579;Baixo curso;01/12/2021;2021;dezembro;estiagem;307,9573498;-1.20;10,2031;30,92;30,84;7,24;16,2;180;;57,41;47,1;6,93;76
Governador Eugenio Barros (MONTEVIDEU);3;33530000;728;Médio Curso;01/12/2021;2021;dezembro;estiagem;277,1373423;-1.20;60,7774;32;28,3;6,9;;;;98,2;51,2;5,33;60
Caxias (Rio Itapecuru 2);7;33482100;580;Médio Curso;02/12/2021;2021;dezembro;estiagem;245,1809509;-1.20;82,3385;26,29;29,02;7,08;12,2;40;;37,35;2,37;6,82;65,3
Caxias (Rio Itapecuru);5;33550020;581;Médio Curso;02/12/2021;2021;dezembro;estiagem;245,1809509;-1.20;57,0964;27,45;28,89;7,07;18,2;20;;47,14;101;6,77;69,9
Caxias (2);8;33550010;582;Médio Curso;02/12/2021;2021;dezembro;estiagem;205,8809865;-1.20;36,506;26,58;28,87;7,02;33,4;80;;57,14;24,4;6,66;67,8
Caxias;6;33550000;583;Médio Curso;15/12/2021;2021;dezembro;estiagem;247,4942007;-1.20;61,1;32;29,4;5,54;;;30,6;43,9;49,1;7,11;59
Mirador;2;33420000;729;Alto Curso;01/02/2022;2022;fevereiro;chuvoso;186,9471126;-0.98;26,767;36,5;28,11;6,97;;;;32,9;43,6;4,95;51
Mirador (São Felinho);1;33410000;585;Alto Curso;02/02/2022;2022;fevereiro;chuvoso;121,754576;-0.98;67,0805;37,1;28,22;6,03;;;;11,9;12,5;5,98;14,6
Caxias;6;33550000;586;Médio Curso;25/02/2022;2022;fevereiro;chuvoso;185,2637751;-0.98;57,0964;30;28,8;6,94;;;43,3;47;94,7;6,73;112
Colinas;4;33480000;587;Alto Curso;01/03/2022;2022;março;chuvoso;325,0391417;-1.31;92,8976;30;27,91;5,93;;;24,7;23,9;23,2;7,16;27
Mirador;2;33420000;730;Alto Curso;11/03/2022;2022;março;chuvoso;398,1777797;-1.31;25,5736;30,1;27,59;6,81;;;;36,6;48,4;5,44;56
Mirador (São Felinho);1;33410000;589;Alto Curso;14/03/2022;2022;março;chuvoso;252,865551;-1.31;50,7966;31,2;27,68;5,75;;;;5,8;10,4;6,26;12,1
Cantanhede ;13;33680000;590;Baixo curso;17/03/2022;2022;março;chuvoso;507,7911968;-1.31;994,9443;30;28;6,75;;;;9,74;65,8;5,91;75,4
Caxias;6;33550000;591;Médio Curso;22/03/2022;2022;março;chuvoso;425,7731361;-1.31;138,0162;30;28;7,46;;;;35,7;111,2;6,3;129,7
Governador Eugenio Barros (MONTEVIDEU);3;33530000;731;Médio Curso;24/03/2022;2022;março;chuvoso;398,1777797;-1.31;162,1242;30;28;7,22;;;;20,6;89;5,21;103,8
Codó 2;10;33590010;593;Baixo curso;30/03/2022;2022;março;chuvoso;406,9531736;-1.31;637,3597;24,21;28,42;7,26;8;260;;46,66;65,7;6,43;118,5
Coroatá 2;14;33630010;594;Baixo curso;30/03/2022;2022;março;chuvoso;408,4126945;-1.31;33,7568;26,2;28,12;7,06;4,8;;;43,26;41,8;76,3;109,6
Caxias (Rio Itapecuru 2);7;33482100;595;Médio Curso;31/03/2022;2022;março;chuvoso;402,7653382;-1.31;51,3744;29,24;28,36;7,3;8,8;80;;20,68;26,7;5,88;131
Caxias (Rio Itapecuru);5;33550020;596;Médio Curso;31/03/2022;2022;março;chuvoso;402,7653382;-1.31;113,3139;25,94;27,94;7,37;3,6;180;;39,23;32,3;6,38;127,1
Caxias (2);8;33550010;597;Médio Curso;31/03/2022;2022;março;chuvoso;384,2687674;-1.31;57,0964;25;27,37;6,87;33,6;260;;29,64;40;6,84;86,9
Colinas;4;33480000;598;Alto Curso;13/04/2022;2022;abril;chuvoso;111,4151757;-1.61;75,1195;28;27,9;6,93;;;23;25;34,4;6,69;40
Codó;9;33590000;599;Baixo curso;21/04/2022;2022;abril;chuvoso;323,3715768;-1.61;105,0696;32;29,6;7,61;;;;79;63,4;5,15;76
Coroatá ;11;33630000;732;Baixo curso;21/04/2022;2022;abril;chuvoso;335,757412;-1.61;616,4443;30;27;7,33;;;;47,5;92,3;5,87;107,7
Cantanhede ;13;33680000;601;Baixo curso;02/05/2022;2022;maio;chuvoso;250,9993906;-1.63;637,3597;30;28,38;7,2;;;;46;84,1;5,71;98,8
Governador Eugenio Barros (MONTEVIDEU);3;33530000;733;Médio Curso;02/05/2022;2022;maio;chuvoso;37,8527472;-1.63;69,5261;30;28;7,78;;;;27;283,7;7,18;336,8
Colinas;4;33480000;602;Alto Curso;04/05/2022;2022;maio;chuvoso;24,02803403;-1.63;49,8959;30;27,51;6,94;;;20,8;29;25,3;7,09;29,3
Caxias;6;33550000;603;Médio Curso;04/05/2022;2022;maio;chuvoso;115,4407623;-1.63;230,2716;32,1;29;7,48;;;34,6;36;114,6;7,16;136,1
Codó;9;33590000;604;Baixo curso;04/05/2022;2022;maio;chuvoso;141,0824554;-1.63;139,3521;32;29;7,39;;;;44,2;116,2;7,07;137,9
Cantanhede (Itapecuru mirim);14;33685000;605;Baixo curso;04/05/2022;2022;maio;chuvoso;250,9993906;-1.63;92,9767;28,4;28,27;6,89;3;63,3;;59,86;85;6,28;97,4
Cantanhede 2;15;33680001;606;Baixo curso;04/05/2022;2022;maio;chuvoso;250,9993906;-1.63;109,764;30;28,5;6,8;54,5;240;;41,4;44;5,85;128,5
Itapecuru mirim;16;33690000;607;Baixo curso;04/05/2022;2022;maio;chuvoso;313,1327629;-1.63;46,9957;28,2;28,48;6,83;9;60,74;;52,4;41,8;75,8;92,8
Santa Rita;17;33693000;608;Baixo curso;04/05/2022;2022;maio;chuvoso;312,7185028;-1.63;116,6135;26,28;28,25;6,78;3,5;59,369;;61,77;53;6,11;91,3
Rosário 2;18;33698050;609;Baixo curso;04/05/2022;2022;maio;chuvoso;371,3517022;-1.63;26,612;24,77;28,3;6,74;3,5;56,04;;42,2;11,5;5,81;86,8
Rosário;19;33698000;610;Baixo curso;04/05/2022;2022;maio;chuvoso;365,3842878;-1.63;114,8507;28,23;6,83;7,02;5;60,68;;42,6;103,6;5,65;92,9
Coroatá ;11;33630000;734;Baixo curso;17/05/2022;2022;maio;chuvoso;199,623508;-1.63;48,3917;31;29;7,27;;;;62;117,8;7,04;139,9
Caxias;6;33550000;611;Médio Curso;10/06/2022;2022;junho;chuvoso;82,680078;-1.90;320,2539;30;27,9;7,47;;;;65,9;87,3;7,66;101,6
Coroatá ;11;33630000;735;Baixo curso;06/07/2022;2022;julho;chuvoso;25,09732628;-2.17;11,982;31;29;7,09;;;;31;97,6;7,41;115,9
Codó;9;33590000;612;Baixo curso;07/07/2022;2022;julho;chuvoso;7,971074581;-2.17;51,3744;31;28;7,04;;;;44,5;73,6;7,31;85,8
Colinas;4;33480000;613;Alto Curso;08/07/2022;2022;julho;chuvoso;0;-2.17;38,881;30;26,48;6,08;;;;16,6;16;7,45;18,2
Cantanhede ;13;33680000;615;Baixo curso;12/07/2022;2022;julho;chuvoso;46,74692583;-2.17;67,0805;30;29,3;7,84;;;20,3;20,5;103,6;7,99;123,7
Governador Eugenio Barros (MONTEVIDEU);3;33530000;736;Médio Curso;12/07/2022;2022;julho;chuvoso;5,951257706;-2.17;129,6657;30;26;6,93;;;;46,3;44,9;7,48;50,5
Mirador;2;33420000;737;Alto Curso;27/07/2022;2022;julho;chuvoso;5,951257706;-2.17;12,1781;33,8;25,85;7,01;;;;30;10,6;7,87;11,9
Mirador (São Felinho);1;33410000;617;Alto Curso;28/07/2022;2022;julho;chuvoso;0;-2.17;54,08;28,1;25,3;6,16;;;;11;7,7;7,9;8,6
Caxias;6;33550000;618;Médio Curso;20/09/2022;2022;setembro;estiagem;3,934456177;-1.73;22,566;32,1;30,6;7,37;;;;14,5;38,4;7,8;46,9
Coroatá ;11;33630000;738;Baixo curso;27/09/2022;2022;setembro;estiagem;3,874573484;-1.73;36,7476;32;30;7,2;;;;28,2;58,7;7,36;70,9
Codó;9;33590000;619;Baixo curso;28/09/2022;2022;setembro;estiagem;3,149350218;-1.73;35,2124;32;31;7,41;;;;48,2;43,7;7,5;53,7
Governador Eugenio Barros (MONTEVIDEU);3;33530000;739;Médio Curso;30/09/2022;2022;setembro;estiagem;28,74470453;-1.73;12,5688;31;29;6,8;;;;58,8;29,1;7,25;34,6
Cantanhede ;13;33680000;621;Baixo curso;06/10/2022;2022;outubro;estiagem;20,4261961;-1.73;34,2834;30,8;29,1;8,12;;;;29,5;68,8;8,06;84,3
Mirador (São Felinho);1;33410000;622;Alto Curso;14/11/2022;2022;novembro;estiagem;60,38642025;-1.53;44,8465;30,6;27,53;6,11;;;;9,4;9,9;7,33;11,4
Mirador;2;33420000;740;Alto Curso;17/11/2022;2022;novembro;estiagem;186,3025115;-1.53;12,6634;31,5;29,3;6,69;;;;30;14,2;7,11;17
Caxias;6;33550000;624;Médio Curso;09/02/2023;2023;fevereiro;chuvoso;231,6815448;-0.91;129,6657;30;28,1;6,89;;;47,96;50,7;114,7;6,68;134
Cantanhede ;13;33680000;625;Baixo curso;07/03/2023;2023;março;chuvoso;396,1296911;-0.76;105,0696;33;29;7,13;;;98,33;86,2;123,8;6,45;147
Colinas;4;33480000;626;Alto Curso;21/03/2023;2023;março;chuvoso;291,5553954;-0.76;59,1795;29;27;6,6;;;68,78;115;54,8;5,85;62,8
Colinas;4;33480000;627;Alto Curso;26/04/2023;2023;abril;chuvoso;127,2853849;-0.37;58,7275;28;30;6,8;;;87;24,5;0;6,82;0
Caxias;6;33550000;628;Médio Curso;17/05/2023;2023;maio;chuvoso;72,27394485;-0.06;40,77;32;29,4;7;;;51,1;60,2;82;8;98
Colinas;4;33480000;629;Alto Curso;02/06/2023;2023;junho;chuvoso;0;0.43;37,757;31,1;27,2;6,68;;;19,2;21,9;20,4;7,23;23,5
Cantanhede ;13;33680000;630;Baixo curso;19/09/2023;2023;setembro;estiagem;12,3633709;0.68;30,1766;34;31,2;8,59;;;;23,4;67,4;8,16;83,1
Colinas;4;33480000;631;Alto Curso;30/10/2023;2023;outubro;estiagem;15,92148912;0.48;29,357;33;29;6,87;;;;32,7;41;7,22;71,8
Caxias;6;33550000;632;Médio Curso;15/11/2023;2023;novembro;estiagem;42,39281464;0.91;87,2096;34;31;7,37;;;3,8;51,8;41,7;7,6;51,3
Caxias;6;33550000;633;Médio Curso;11/03/2024;2024;março;chuvoso;311,4479141;0.78;158,3498;32;29,53;8,1;;;37,4;102;148,8;6,41;124,2
Colinas;4;33480000;634;Alto Curso;13/03/2024;2024;março;chuvoso;311,6348364;0.78;60,6892;32;28;6,5;;;25,2;36,8;30,9;6,5;36
Cantanhede ;13;33680000;635;Baixo curso;14/03/2024;2024;março;chuvoso;364,167063;0.78;973,969;34;34;5;;;;108;66;8;98
Colinas;4;33480000;636;Alto Curso;25/04/2024;2024;abril;chuvoso;324,6391554;0.34;97,6553;31;27;0;;;;42;0;0;0
Cantanhede ;13;33680000;637;Baixo curso;12/08/2024;2024;agosto;estiagem;3,085306492;-0.73;36,6996;36;32,2;6,5;;;;15,7;51;5,35;49,4
